Date,Price
10/11/2004,18.11
10/12/2004,17.9
10/13/2004,17.44
10/14/2004,17.21
10/15/2004,17.47
10/18/2004,17.25
10/19/2004,17.35
10/20/2004,17.13
10/21/2004,17.23
10/22/2004,17.03
10/25/2004,16.92
10/26/2004,17.13
10/27/2004,17.12
10/28/2004,16.87
10/29/2004,17.16
11/01/2004,17.13
11/02/2004,17.41
11/03/2004,17.69
11/04/2004,17.71
11/05/2004,17.77
11/08/2004,17.67
11/09/2004,17.79
11/10/2004,18.15
11/11/2004,18.16
11/12/2004,18.36
11/15/2004,18.56
11/16/2004,18.18
11/17/2004,18.44
11/18/2004,18.38
11/19/2004,18.14
11/22/2004,18.29
11/23/2004,18.52
11/24/2004,18.72
11/26/2004,18.63
11/29/2004,18.62
11/30/2004,18.6
12/01/2004,18.82
12/02/2004,18.83
12/03/2004,18.8
12/06/2004,18.8
12/07/2004,18.55
12/08/2004,18.33
12/09/2004,18.31
12/10/2004,18.01
12/13/2004,18.01
12/14/2004,18.13
12/15/2004,18.44
12/16/2004,18.31
12/17/2004,18.27
12/20/2004,18.59
12/21/2004,18.6
12/22/2004,18.48
12/23/2004,18.59
12/27/2004,18.49
12/28/2004,18.55
12/29/2004,18.52
12/30/2004,18.33
12/31/2004,18.49
01/03/2005,18.38
01/04/2005,17.88
01/05/2005,17.47
01/06/2005,17.49
01/07/2005,17.33
01/10/2005,17.47
01/11/2005,17.33
01/12/2005,17.55
01/13/2005,17.45
01/14/2005,17.4
01/18/2005,17.76
01/19/2005,17.7
01/20/2005,17.64
01/21/2005,17.48
01/24/2005,17.38
01/25/2005,17.6
01/26/2005,17.84
01/27/2005,17.84
01/28/2005,17.77
01/31/2005,18.06
02/01/2005,17.9
02/02/2005,17.91
02/03/2005,17.85
02/04/2005,18.12
02/07/2005,18.42
02/08/2005,18.55
02/09/2005,18.41
02/10/2005,18.56
02/11/2005,18.7
02/14/2005,18.74
02/15/2005,18.64
02/16/2005,18.61
02/17/2005,18.43
02/18/2005,18.67
02/22/2005,18.66
02/23/2005,18.7
02/24/2005,18.83
02/25/2005,19.23
02/28/2005,19.27
03/01/2005,19.18
03/02/2005,18.82
03/03/2005,18.94
03/04/2005,18.81
03/07/2005,18.89
03/08/2005,19.0
03/09/2005,18.92
03/10/2005,18.81
03/11/2005,18.89
03/14/2005,18.89
03/15/2005,18.57
03/16/2005,18.57
03/17/2005,18.9
03/18/2005,18.83
03/21/2005,18.83
03/22/2005,18.4
03/23/2005,18.23
03/24/2005,18.3
03/28/2005,18.28
03/29/2005,18.0
03/30/2005,18.17
03/31/2005,18.2
04/01/2005,18.27
04/04/2005,18.35
04/05/2005,18.31
04/06/2005,18.42
04/07/2005,18.51
04/08/2005,18.55
04/11/2005,18.53
04/12/2005,18.52
04/13/2005,18.48
04/14/2005,18.29
04/15/2005,17.76
04/18/2005,17.72
04/19/2005,17.93
04/20/2005,17.58
04/21/2005,18.16
04/22/2005,18.1
04/25/2005,18.27
04/26/2005,18.35
04/27/2005,18.12
04/28/2005,18.06
04/29/2005,18.44
05/02/2005,18.47
05/03/2005,18.27
05/04/2005,18.52
05/05/2005,18.55
05/06/2005,18.6
05/09/2005,18.67
05/10/2005,18.44
05/11/2005,18.5
05/12/2005,18.13
05/13/2005,18.15
05/16/2005,18.25
05/17/2005,17.98
05/18/2005,18.06
05/19/2005,18.17
05/20/2005,18.17
05/23/2005,18.13
05/24/2005,18.07
05/25/2005,17.92
05/26/2005,17.96
05/27/2005,18.14
05/31/2005,18.21
06/01/2005,18.17
06/02/2005,18.05
06/03/2005,17.99
06/06/2005,18.23
06/07/2005,18.27
06/08/2005,18.44
06/09/2005,18.42
06/10/2005,18.48
06/13/2005,18.47
06/14/2005,18.47
06/15/2005,18.46
06/16/2005,18.45
06/17/2005,18.6
06/20/2005,18.59
06/21/2005,18.6
06/22/2005,18.85
06/23/2005,18.71
06/24/2005,18.82
06/27/2005,18.96
06/28/2005,19.17
06/29/2005,19.07
06/30/2005,19.04
07/01/2005,19.1
07/05/2005,19.25
07/06/2005,19.17
07/07/2005,18.94
07/08/2005,18.96
07/11/2005,19.12
07/12/2005,19.12
07/13/2005,19.24
07/14/2005,19.26
07/15/2005,19.25
07/18/2005,19.21
07/19/2005,19.4
07/20/2005,19.53
07/21/2005,20.24
07/22/2005,20.2
07/25/2005,20.2
07/26/2005,20.17
07/27/2005,20.46
07/28/2005,20.52
07/29/2005,20.59
08/01/2005,20.83
08/02/2005,21.27
08/03/2005,21.02
08/04/2005,20.78
08/05/2005,20.82
08/08/2005,21.12
08/09/2005,21.1
08/10/2005,21.65
08/11/2005,21.64
08/12/2005,21.65
08/15/2005,21.93
08/16/2005,21.44
08/17/2005,21.45
08/18/2005,20.88
08/19/2005,20.86
08/22/2005,21.07
08/23/2005,20.67
08/24/2005,20.35
08/25/2005,20.56
08/26/2005,20.63
08/29/2005,20.67
08/30/2005,20.55
08/31/2005,20.6
09/01/2005,20.88
09/02/2005,20.81
09/06/2005,20.85
09/07/2005,20.81
09/08/2005,20.66
09/09/2005,20.81
09/12/2005,20.82
09/13/2005,20.56
09/14/2005,20.56
09/15/2005,20.67
09/16/2005,20.63
09/19/2005,20.59
09/20/2005,20.85
09/21/2005,20.88
09/22/2005,20.77
09/23/2005,20.61
09/26/2005,20.82
09/27/2005,20.68
09/28/2005,20.78
09/29/2005,21.52
09/30/2005,21.41
10/03/2005,21.53
10/04/2005,21.22
10/05/2005,20.62
10/06/2005,20.02
10/07/2005,20.5
10/10/2005,20.5
10/11/2005,20.64
10/12/2005,19.98
10/13/2005,19.95
10/14/2005,19.87
10/17/2005,20.09
10/18/2005,19.87
10/19/2005,19.85
10/20/2005,19.2
10/21/2005,19.53
10/24/2005,19.65
10/25/2005,19.42
10/26/2005,19.32
10/27/2005,18.88
10/28/2005,19.04
10/31/2005,19.2
11/01/2005,19.47
11/02/2005,19.81
11/03/2005,19.9
11/04/2005,19.75
11/07/2005,19.57
11/08/2005,19.61
11/09/2005,19.9
11/10/2005,19.93
11/11/2005,20.05
11/14/2005,19.77
11/15/2005,19.74
11/16/2005,19.88
11/17/2005,20.17
11/18/2005,20.25
11/21/2005,20.36
11/22/2005,20.36
11/23/2005,20.53
11/25/2005,20.53
11/28/2005,20.45
11/29/2005,20.34
11/30/2005,20.32
12/01/2005,20.75
12/02/2005,20.75
12/05/2005,20.74
12/06/2005,20.6
12/07/2005,20.72
12/08/2005,20.68
12/09/2005,20.67
12/12/2005,20.77
12/13/2005,20.86
12/14/2005,20.83
12/15/2005,20.82
12/16/2005,20.74
12/19/2005,20.87
12/20/2005,21.1
12/21/2005,21.25
12/22/2005,21.16
12/23/2005,20.83
12/27/2005,20.66
12/28/2005,20.68
12/29/2005,20.76
12/30/2005,20.54
01/03/2006,21.0
01/04/2006,21.5
01/05/2006,21.51
01/06/2006,22.01
01/09/2006,22.26
01/10/2006,22.05
01/11/2006,22.3
01/12/2006,22.2
01/13/2006,22.61
01/17/2006,22.33
01/18/2006,22.35
01/19/2006,23.09
01/20/2006,22.65
01/23/2006,22.76
01/24/2006,23.02
01/25/2006,22.87
01/26/2006,23.07
01/27/2006,23.96
01/30/2006,24.0
01/31/2006,23.92
02/01/2006,23.88
02/02/2006,23.37
02/03/2006,22.95
02/06/2006,23.68
02/07/2006,23.42
02/08/2006,23.48
02/09/2006,23.25
02/10/2006,23.33
02/13/2006,23.28
02/14/2006,23.97
02/15/2006,23.88
02/16/2006,23.91
02/17/2006,23.88
02/21/2006,24.31
02/22/2006,24.82
02/23/2006,24.67
02/24/2006,24.62
02/27/2006,24.55
02/28/2006,24.2
03/01/2006,24.38
03/02/2006,24.44
03/03/2006,24.52
03/06/2006,24.3
03/07/2006,23.63
03/08/2006,23.31
03/09/2006,23.23
03/10/2006,23.37
03/13/2006,23.57
03/14/2006,23.93
03/15/2006,24.12
03/16/2006,23.99
03/17/2006,24.02
03/20/2006,24.09
03/21/2006,24.21
03/22/2006,24.25
03/23/2006,24.42
03/24/2006,24.53
03/27/2006,24.73
03/28/2006,24.44
03/29/2006,24.6
03/30/2006,24.85
03/31/2006,24.76
04/03/2006,25.26
04/04/2006,25.58
04/05/2006,25.75
04/06/2006,25.95
04/07/2006,25.59
04/10/2006,25.89
04/11/2006,25.42
04/12/2006,25.37
04/13/2006,25.56
04/17/2006,25.88
04/18/2006,26.8
04/19/2006,27.09
04/20/2006,27.09
04/21/2006,27.21
04/24/2006,26.55
04/25/2006,25.88
04/26/2006,26.1
04/27/2006,25.52
04/28/2006,26.2
05/01/2006,26.3
05/02/2006,26.91
05/03/2006,26.73
05/04/2006,27.1
05/05/2006,27.35
05/08/2006,27.91
05/09/2006,27.82
05/10/2006,27.47
05/11/2006,27.04
05/12/2006,26.83
05/15/2006,26.4
05/16/2006,26.59
05/17/2006,25.76
05/18/2006,25.53
05/19/2006,26.05
05/22/2006,24.32
05/23/2006,24.7
05/24/2006,24.37
05/25/2006,25.08
05/26/2006,24.95
05/30/2006,24.0
05/31/2006,24.42
06/01/2006,24.66
06/02/2006,24.95
06/05/2006,24.17
06/06/2006,24.7
06/07/2006,24.47
06/08/2006,23.7
06/09/2006,23.36
06/12/2006,22.83
06/13/2006,22.0
06/14/2006,22.63
06/15/2006,23.67
06/16/2006,23.69
06/19/2006,23.22
06/20/2006,23.23
06/21/2006,23.92
06/22/2006,23.85
06/23/2006,24.08
06/26/2006,24.13
06/27/2006,24.04
06/28/2006,24.62
06/29/2006,25.73
06/30/2006,25.6
07/03/2006,26.0
07/05/2006,25.31
07/06/2006,25.99
07/07/2006,25.5
07/10/2006,25.89
07/11/2006,25.96
07/12/2006,25.63
07/13/2006,24.81
07/14/2006,24.83
07/17/2006,24.48
07/18/2006,24.7
07/19/2006,25.71
07/20/2006,25.34
07/21/2006,25.23
07/24/2006,26.04
07/25/2006,25.91
07/26/2006,25.73
07/27/2006,26.13
07/28/2006,26.45
07/31/2006,26.22
08/01/2006,25.7
08/02/2006,26.04
08/03/2006,26.12
08/04/2006,25.9
08/07/2006,26.08
08/08/2006,26.12
08/09/2006,26.43
08/10/2006,26.66
08/11/2006,26.66
08/14/2006,26.75
08/15/2006,27.22
08/16/2006,27.35
08/17/2006,26.87
08/18/2006,26.8
08/21/2006,26.45
08/22/2006,26.63
08/23/2006,26.26
08/24/2006,26.19
08/25/2006,26.13
08/28/2006,26.12
08/29/2006,26.37
08/30/2006,26.49
08/31/2006,26.41
09/01/2006,26.67
09/05/2006,26.88
09/06/2006,26.37
09/07/2006,26.27
09/08/2006,26.4
09/11/2006,25.94
09/12/2006,26.41
09/13/2006,26.71
09/14/2006,26.42
09/15/2006,26.51
09/18/2006,26.84
09/19/2006,26.5
09/20/2006,27.13
09/21/2006,27.0
09/22/2006,26.9
09/25/2006,27.25
09/26/2006,26.92
09/27/2006,27.08
09/28/2006,27.19
09/29/2006,27.12
10/02/2006,27.13
10/03/2006,27.17
10/04/2006,27.57
10/05/2006,27.63
10/06/2006,27.37
10/09/2006,27.15
10/10/2006,27.42
10/11/2006,27.53
10/12/2006,28.07
10/13/2006,28.03
10/16/2006,28.19
10/17/2006,27.96
10/18/2006,28.24
10/19/2006,28.3
10/20/2006,28.32
10/23/2006,28.33
10/24/2006,28.47
10/25/2006,28.54
10/26/2006,28.73
10/27/2006,28.15
10/30/2006,28.08
10/31/2006,28.53
11/01/2006,28.49
11/02/2006,28.83
11/03/2006,28.97
11/06/2006,29.56
11/07/2006,29.37
11/08/2006,29.33
11/09/2006,29.84
11/10/2006,29.9
11/13/2006,30.42
11/14/2006,30.58
11/15/2006,30.93
11/16/2006,30.97
11/17/2006,31.16
11/20/2006,31.17
11/21/2006,31.28
11/22/2006,31.97
11/24/2006,32.05
11/27/2006,31.28
11/28/2006,30.66
11/29/2006,31.65
11/30/2006,31.75
12/01/2006,31.38
12/04/2006,31.82
12/05/2006,32.73
12/06/2006,32.6
12/07/2006,32.24
12/08/2006,32.28
12/11/2006,32.92
12/12/2006,32.76
12/13/2006,32.65
12/14/2006,33.47
12/15/2006,33.67
12/18/2006,34.08
12/19/2006,33.97
12/20/2006,34.62
12/21/2006,34.18
12/22/2006,34.6
12/26/2006,35.88
12/27/2006,37.32
12/28/2006,37.47
12/29/2006,37.15
01/03/2007,38.8
01/04/2007,37.43
01/05/2007,35.32
01/08/2007,36.35
01/09/2007,34.73
01/10/2007,34.05
01/11/2007,34.33
01/12/2007,35.13
01/16/2007,35.8
01/17/2007,35.42
01/18/2007,34.93
01/19/2007,35.45
01/22/2007,35.67
01/23/2007,36.3
01/24/2007,36.83
01/25/2007,34.88
01/26/2007,35.17
01/29/2007,34.53
01/30/2007,35.58
01/31/2007,34.61
02/01/2007,34.78
02/02/2007,34.65
02/05/2007,34.52
02/06/2007,35.15
02/07/2007,35.35
02/08/2007,35.71
02/09/2007,35.12
02/12/2007,35.25
02/13/2007,35.33
02/14/2007,35.38
02/15/2007,35.4
02/16/2007,35.63
02/20/2007,35.74
02/21/2007,36.0
02/22/2007,36.0
02/23/2007,35.13
02/26/2007,35.13
02/27/2007,31.67
02/28/2007,33.03
03/01/2007,32.22
03/02/2007,31.7
03/05/2007,30.55
03/06/2007,32.17
03/07/2007,31.8
03/08/2007,32.87
03/09/2007,32.75
03/12/2007,33.27
03/13/2007,31.87
03/14/2007,32.58
03/15/2007,32.66
03/16/2007,32.34
03/19/2007,33.38
03/20/2007,33.67
03/21/2007,34.47
03/22/2007,34.02
03/23/2007,34.32
03/26/2007,34.33
03/27/2007,34.1
03/28/2007,33.78
03/29/2007,34.75
03/30/2007,34.14
04/02/2007,34.83
04/03/2007,35.38
04/04/2007,35.63
04/05/2007,35.67
04/09/2007,35.9
04/10/2007,36.1
04/11/2007,35.86
04/12/2007,36.75
04/13/2007,36.69
04/16/2007,37.34
04/17/2007,37.32
04/18/2007,37.06
04/19/2007,36.5
04/20/2007,36.95
04/23/2007,36.27
04/24/2007,36.3
04/25/2007,36.65
04/26/2007,36.39
04/27/2007,36.03
04/30/2007,35.1
05/01/2007,35.49
05/02/2007,35.95
05/03/2007,36.48
05/04/2007,36.73
05/07/2007,37.06
05/08/2007,36.74
05/09/2007,37.28
05/10/2007,36.33
05/11/2007,38.33
05/14/2007,38.16
05/15/2007,38.03
05/16/2007,38.83
05/17/2007,38.52
05/18/2007,38.28
05/21/2007,38.23
05/22/2007,37.98
05/23/2007,37.7
05/24/2007,36.67
05/25/2007,37.35
05/29/2007,36.89
05/30/2007,37.04
05/31/2007,37.45
06/01/2007,38.17
06/04/2007,38.1
06/05/2007,38.48
06/06/2007,37.92
06/07/2007,37.61
06/08/2007,38.57
06/11/2007,38.98
06/12/2007,38.24
06/13/2007,38.94
06/14/2007,39.95
06/15/2007,40.91
06/18/2007,41.85
06/19/2007,42.15
06/20/2007,42.03
06/21/2007,43.31
06/22/2007,42.86
06/25/2007,42.56
06/26/2007,42.01
06/27/2007,43.02
06/28/2007,43.17
06/29/2007,42.95
07/02/2007,43.74
07/03/2007,44.66
07/05/2007,44.5
07/06/2007,45.62
07/09/2007,46.25
07/10/2007,45.7
07/11/2007,45.95
07/12/2007,46.83
07/13/2007,47.0
07/16/2007,46.35
07/17/2007,46.33
07/18/2007,45.45
07/19/2007,46.07
07/20/2007,46.08
07/23/2007,47.53
07/24/2007,46.33
07/25/2007,47.2
07/26/2007,45.3
07/27/2007,44.55
07/30/2007,46.39
07/31/2007,46.64
08/01/2007,45.73
08/02/2007,45.4
08/03/2007,43.39
08/06/2007,43.73
08/07/2007,43.42
08/08/2007,45.3
08/09/2007,43.59
08/10/2007,43.48
08/13/2007,43.22
08/14/2007,42.62
08/15/2007,40.86
08/16/2007,39.91
08/17/2007,41.47
08/20/2007,42.47
08/21/2007,43.0
08/22/2007,45.97
08/23/2007,46.0
08/24/2007,47.88
08/27/2007,51.02
08/28/2007,46.9
08/29/2007,49.36
08/30/2007,48.83
08/31/2007,50.1
09/04/2007,50.94
09/05/2007,49.62
09/06/2007,50.17
09/07/2007,48.93
09/10/2007,49.78
09/11/2007,50.39
09/12/2007,50.89
09/13/2007,51.23
09/14/2007,52.01
09/17/2007,51.58
09/18/2007,54.43
09/19/2007,54.75
09/20/2007,54.53
09/21/2007,56.16
09/24/2007,57.81
09/25/2007,58.05
09/26/2007,58.69
09/27/2007,60.7
09/28/2007,60.0
10/01/2007,61.75
10/02/2007,63.16
10/03/2007,59.82
10/04/2007,60.4
10/05/2007,63.87
10/08/2007,62.4
10/09/2007,63.97
10/10/2007,64.11
10/11/2007,64.17
10/12/2007,67.63
10/15/2007,67.65
10/16/2007,66.35
10/17/2007,72.83
10/18/2007,70.83
10/19/2007,66.43
10/22/2007,67.17
10/23/2007,70.01
10/24/2007,68.83
10/25/2007,69.2
10/26/2007,69.77
10/29/2007,71.76
10/30/2007,70.47
10/31/2007,72.84
11/01/2007,69.44
11/02/2007,69.36
11/05/2007,63.27
11/06/2007,66.08
11/07/2007,62.93
11/08/2007,61.48
11/09/2007,60.67
11/12/2007,56.5
11/13/2007,60.7
11/14/2007,62.56
11/15/2007,60.47
11/16/2007,59.46
11/19/2007,56.52
11/20/2007,59.13
11/21/2007,54.5
11/23/2007,57.43
11/26/2007,55.93
11/27/2007,58.82
11/28/2007,62.33
11/29/2007,61.67
11/30/2007,62.49
12/03/2007,60.83
12/04/2007,61.6
12/05/2007,65.25
12/06/2007,65.83
12/07/2007,63.13
12/10/2007,62.5
12/11/2007,59.52
12/12/2007,61.17
12/13/2007,58.68
12/14/2007,57.17
12/17/2007,53.75
12/18/2007,56.79
12/19/2007,56.83
12/20/2007,57.57
12/21/2007,59.35
12/24/2007,59.83
12/26/2007,59.53
12/27/2007,57.37
12/28/2007,57.1
12/31/2007,56.82
01/02/2008,55.98
01/03/2008,55.6
01/04/2008,54.54
01/07/2008,56.12
01/08/2008,55.33
01/09/2008,58.8
01/10/2008,59.25
01/11/2008,56.67
01/14/2008,56.92
01/15/2008,52.62
01/16/2008,50.55
01/17/2008,49.67
01/18/2008,52.31
01/22/2008,47.92
01/23/2008,50.45
01/24/2008,49.97
01/25/2008,49.61
01/28/2008,50.21
01/29/2008,49.77
01/30/2008,47.45
01/31/2008,48.02
02/01/2008,50.23
02/04/2008,51.52
02/05/2008,47.96
02/06/2008,46.22
02/07/2008,48.03
02/08/2008,47.22
02/11/2008,46.85
02/12/2008,48.14
02/13/2008,49.0
02/14/2008,47.87
02/15/2008,49.96
02/19/2008,50.28
02/20/2008,49.78
02/21/2008,47.85
02/22/2008,49.26
02/25/2008,49.36
02/26/2008,49.82
02/27/2008,51.46
02/28/2008,50.16
02/29/2008,48.41
03/03/2008,48.82
03/04/2008,46.81
03/05/2008,47.69
03/06/2008,45.5
03/07/2008,45.36
03/10/2008,44.48
03/11/2008,48.82
03/12/2008,46.71
03/13/2008,45.57
03/14/2008,42.96
03/17/2008,42.21
03/18/2008,44.33
03/19/2008,41.23
03/20/2008,42.36
03/24/2008,42.78
03/25/2008,44.9
03/26/2008,43.78
03/27/2008,44.17
03/28/2008,45.63
03/31/2008,45.05
04/01/2008,48.4
04/02/2008,47.38
04/03/2008,49.35
04/04/2008,48.87
04/07/2008,50.0
04/08/2008,48.68
04/09/2008,46.97
04/10/2008,48.55
04/11/2008,47.63
04/14/2008,46.81
04/15/2008,47.53
04/16/2008,49.19
04/17/2008,48.33
04/18/2008,49.12
04/21/2008,49.8
04/22/2008,49.57
04/23/2008,52.54
04/24/2008,53.45
04/25/2008,52.74
04/28/2008,52.45
04/29/2008,52.49
04/30/2008,52.93
05/01/2008,54.05
05/02/2008,54.55
05/05/2008,54.05
05/06/2008,54.41
05/07/2008,51.22
05/08/2008,51.98
05/09/2008,50.67
05/12/2008,50.92
05/13/2008,51.63
05/14/2008,52.01
05/15/2008,52.73
05/16/2008,52.91
05/19/2008,52.98
05/20/2008,50.8
05/21/2008,50.71
05/22/2008,51.18
05/23/2008,49.86
05/27/2008,50.06
05/28/2008,49.98
05/29/2008,50.68
05/30/2008,50.73
06/02/2008,51.0
06/03/2008,49.1
06/04/2008,48.54
06/05/2008,50.13
06/06/2008,47.19
06/09/2008,47.45
06/10/2008,46.22
06/11/2008,45.1
06/12/2008,46.21
06/13/2008,46.11
06/16/2008,46.49
06/17/2008,46.26
06/18/2008,46.82
06/19/2008,46.89
06/20/2008,44.47
06/23/2008,44.67
06/24/2008,44.45
06/25/2008,45.44
06/26/2008,43.13
06/27/2008,43.35
06/30/2008,43.61
07/01/2008,43.39
07/02/2008,41.82
07/03/2008,41.88
07/07/2008,42.81
07/08/2008,43.63
07/09/2008,42.74
07/10/2008,44.38
07/11/2008,44.35
07/14/2008,43.92
07/15/2008,42.57
07/16/2008,44.73
07/17/2008,45.17
07/18/2008,45.35
07/21/2008,45.83
07/22/2008,46.6
07/23/2008,47.2
07/24/2008,45.17
07/25/2008,45.51
07/28/2008,44.22
07/29/2008,45.53
07/30/2008,46.62
07/31/2008,44.64
08/01/2008,45.38
08/04/2008,44.17
08/05/2008,45.02
08/06/2008,45.24
08/07/2008,42.68
08/08/2008,43.75
08/11/2008,42.9
08/12/2008,41.44
08/13/2008,41.0
08/14/2008,40.95
08/15/2008,41.0
08/18/2008,40.0
08/19/2008,39.43
08/20/2008,41.61
08/21/2008,40.9
08/22/2008,41.38
08/25/2008,40.96
08/26/2008,41.96
08/27/2008,43.43
08/28/2008,42.68
08/29/2008,42.11
09/02/2008,41.33
09/03/2008,40.19
09/04/2008,38.2
09/05/2008,39.17
09/08/2008,39.64
09/09/2008,37.56
09/10/2008,38.1
09/11/2008,37.31
09/12/2008,37.43
09/15/2008,34.84
09/16/2008,35.4
09/17/2008,30.88
09/18/2008,35.08
09/19/2008,39.06
09/22/2008,36.62
09/23/2008,35.75
09/24/2008,36.2
09/25/2008,37.18
09/26/2008,36.15
09/29/2008,30.88
09/30/2008,34.47
10/01/2008,34.25
10/02/2008,32.71
10/03/2008,32.32
10/06/2008,30.1
10/07/2008,28.38
10/08/2008,28.09
10/09/2008,26.0
10/10/2008,27.43
10/13/2008,32.99
10/14/2008,31.39
10/15/2008,26.73
10/16/2008,29.07
10/17/2008,27.37
10/20/2008,29.67
10/21/2008,26.78
10/22/2008,23.91
10/23/2008,24.05
10/24/2008,21.65
10/27/2008,19.42
10/28/2008,23.31
10/29/2008,22.49
10/30/2008,25.65
10/31/2008,25.16
11/03/2008,25.45
11/04/2008,27.21
11/05/2008,24.65
11/06/2008,22.69
11/07/2008,25.6
11/10/2008,26.61
11/11/2008,25.05
11/12/2008,24.08
11/13/2008,27.66
11/14/2008,25.15
11/17/2008,25.1
11/18/2008,24.28
11/19/2008,22.28
11/20/2008,21.16
11/21/2008,24.46
11/24/2008,24.93
11/25/2008,24.41
11/26/2008,27.23
11/28/2008,26.59
12/01/2008,24.6
12/02/2008,26.41
12/03/2008,27.25
12/04/2008,25.85
12/05/2008,27.83
12/08/2008,30.3
12/09/2008,29.08
12/10/2008,31.24
12/11/2008,30.12
12/12/2008,29.99
12/15/2008,29.05
12/16/2008,31.17
12/17/2008,30.76
12/18/2008,30.48
12/19/2008,30.55
12/22/2008,28.86
12/23/2008,27.61
12/24/2008,27.97
12/26/2008,28.06
12/29/2008,28.24
12/30/2008,28.75
12/31/2008,29.09
01/02/2009,31.11
01/05/2009,31.46
01/06/2009,31.56
01/07/2009,29.3
01/08/2009,28.78
01/09/2009,27.71
01/12/2009,26.17
01/13/2009,25.88
01/14/2009,25.18
01/15/2009,25.61
01/16/2009,25.95
01/20/2009,23.74
01/21/2009,25.1
01/22/2009,23.85
01/23/2009,24.5
01/26/2009,24.62
01/27/2009,24.98
01/28/2009,25.93
01/29/2009,24.54
01/30/2009,25.11
02/02/2009,24.99
02/03/2009,25.53
02/04/2009,26.21
02/05/2009,27.18
02/06/2009,28.47
02/09/2009,28.25
02/10/2009,26.86
02/11/2009,26.98
02/12/2009,26.46
02/13/2009,26.81
02/17/2009,24.9
02/18/2009,25.57
02/19/2009,25.57
02/20/2009,25.14
02/23/2009,24.8
02/24/2009,26.15
02/25/2009,25.51
02/26/2009,24.81
02/27/2009,24.31
03/02/2009,22.8
03/03/2009,23.3
03/04/2009,25.46
03/05/2009,23.99
03/06/2009,24.0
03/09/2009,23.68
03/10/2009,25.61
03/11/2009,25.1
03/12/2009,25.97
03/13/2009,26.44
03/16/2009,27.09
03/17/2009,27.49
03/18/2009,27.7
03/19/2009,27.21
03/20/2009,26.42
03/23/2009,29.09
03/24/2009,28.49
03/25/2009,28.64
03/26/2009,30.16
03/27/2009,29.7
03/30/2009,27.79
03/31/2009,28.53
04/01/2009,29.22
04/02/2009,30.8
04/03/2009,30.95
04/06/2009,30.9
04/07/2009,30.29
04/08/2009,30.51
04/09/2009,31.85
04/13/2009,32.17
04/14/2009,32.07
04/15/2009,33.09
04/16/2009,32.94
04/17/2009,32.44
04/20/2009,31.37
04/21/2009,32.23
04/22/2009,31.14
04/23/2009,31.71
04/24/2009,32.32
04/27/2009,30.89
04/28/2009,30.55
04/29/2009,31.96
04/30/2009,31.98
05/01/2009,32.27
05/04/2009,35.16
05/05/2009,34.3
05/06/2009,35.43
05/07/2009,34.35
05/08/2009,35.91
05/11/2009,34.36
05/12/2009,34.37
05/13/2009,33.58
05/14/2009,33.77
05/15/2009,33.68
05/18/2009,35.66
05/19/2009,35.8
05/20/2009,35.38
05/21/2009,34.73
05/22/2009,34.69
05/26/2009,35.12
05/27/2009,35.36
05/28/2009,36.16
05/29/2009,37.37
06/01/2009,39.53
06/02/2009,38.72
06/03/2009,38.02
06/04/2009,38.75
06/05/2009,39.04
06/08/2009,38.55
06/09/2009,38.07
06/10/2009,39.17
06/11/2009,40.12
06/12/2009,39.56
06/15/2009,38.23
06/16/2009,37.23
06/17/2009,37.35
06/18/2009,37.16
06/19/2009,37.27
06/22/2009,36.08
06/23/2009,35.81
06/24/2009,36.88
06/25/2009,37.97
06/26/2009,38.37
06/29/2009,38.78
06/30/2009,38.37
07/01/2009,38.72
07/02/2009,37.44
07/06/2009,38.17
07/07/2009,36.8
07/08/2009,36.51
07/09/2009,37.15
07/10/2009,36.87
07/13/2009,36.71
07/14/2009,37.42
07/15/2009,39.02
07/16/2009,38.73
07/17/2009,39.34
07/20/2009,40.92
07/21/2009,40.72
07/22/2009,40.42
07/23/2009,42.06
07/24/2009,42.26
07/27/2009,42.67
07/28/2009,42.87
07/29/2009,41.26
07/30/2009,42.0
07/31/2009,41.86
08/03/2009,43.56
08/04/2009,42.79
08/05/2009,41.79
08/06/2009,41.99
08/07/2009,41.81
08/10/2009,41.88
08/11/2009,41.37
08/12/2009,41.54
08/13/2009,41.78
08/14/2009,41.04
08/17/2009,39.13
08/18/2009,40.03
08/19/2009,40.06
08/20/2009,40.6
08/21/2009,40.78
08/24/2009,40.4
08/25/2009,40.53
08/26/2009,40.26
08/27/2009,40.3
08/28/2009,39.81
08/31/2009,39.31
09/01/2009,38.41
09/02/2009,38.72
09/03/2009,39.68
09/04/2009,41.13
09/08/2009,42.36
09/09/2009,42.17
09/10/2009,42.58
09/11/2009,42.39
09/14/2009,42.41
09/15/2009,42.29
09/16/2009,43.8
09/17/2009,43.56
09/18/2009,43.36
09/21/2009,42.78
09/22/2009,43.14
09/23/2009,42.32
09/24/2009,41.2
09/25/2009,41.23
09/28/2009,41.37
09/29/2009,41.36
09/30/2009,40.92
10/01/2009,39.65
10/02/2009,39.51
10/05/2009,40.47
10/06/2009,41.53
10/07/2009,42.02
10/08/2009,42.73
10/09/2009,42.89
10/12/2009,42.45
10/13/2009,42.77
10/14/2009,44.29
10/15/2009,44.16
10/16/2009,43.17
10/19/2009,44.49
10/20/2009,44.18
10/21/2009,43.91
10/22/2009,44.32
10/23/2009,44.36
10/26/2009,43.95
10/27/2009,43.86
10/28/2009,42.19
10/29/2009,43.23
10/30/2009,41.7
11/02/2009,42.74
11/03/2009,42.55
11/04/2009,43.19
11/05/2009,44.21
11/06/2009,44.17
11/09/2009,45.72
11/10/2009,45.37
11/11/2009,45.46
11/12/2009,44.63
11/13/2009,45.38
11/16/2009,46.35
11/17/2009,46.22
11/18/2009,45.62
11/19/2009,44.67
11/20/2009,44.6
11/23/2009,45.59
11/24/2009,45.01
11/25/2009,45.16
11/27/2009,43.11
11/30/2009,43.7
12/01/2009,44.91
12/02/2009,45.0
12/03/2009,44.68
12/04/2009,45.33
12/07/2009,44.64
12/08/2009,43.65
12/09/2009,43.58
12/10/2009,43.53
12/11/2009,43.58
12/14/2009,43.76
12/15/2009,43.28
12/16/2009,42.94
12/17/2009,41.76
12/18/2009,41.5
12/21/2009,41.38
12/22/2009,41.32
12/23/2009,41.76
12/24/2009,42.38
12/28/2009,42.18
12/29/2009,42.04
12/30/2009,42.01
12/31/2009,42.26
01/04/2010,43.14
01/05/2010,44.03
01/06/2010,44.56
01/07/2010,43.87
01/08/2010,44.0
01/11/2010,44.07
01/12/2010,43.0
01/13/2010,42.48
01/14/2010,42.13
01/15/2010,41.45
01/19/2010,42.77
01/20/2010,41.14
01/21/2010,39.61
01/22/2010,39.07
01/25/2010,39.69
01/26/2010,38.55
01/27/2010,38.33
01/28/2010,38.51
01/29/2010,38.36
02/01/2010,39.56
02/02/2010,39.84
02/03/2010,39.84
02/04/2010,38.02
02/05/2010,37.57
02/08/2010,37.17
02/09/2010,38.46
02/10/2010,38.63
02/11/2010,39.68
02/12/2010,38.91
02/16/2010,39.56
02/17/2010,39.7
02/18/2010,39.71
02/19/2010,39.03
02/22/2010,39.16
02/23/2010,38.65
02/24/2010,39.32
02/25/2010,38.99
02/26/2010,39.59
03/01/2010,40.59
03/02/2010,40.9
03/03/2010,40.78
03/04/2010,40.16
03/05/2010,41.18
03/08/2010,41.32
03/09/2010,41.41
03/10/2010,41.51
03/11/2010,41.35
03/12/2010,41.24
03/15/2010,40.75
03/16/2010,40.96
03/17/2010,41.62
03/18/2010,41.42
03/19/2010,41.08
03/22/2010,41.11
03/23/2010,41.24
03/24/2010,40.76
03/25/2010,40.02
03/26/2010,40.83
03/29/2010,41.62
03/30/2010,42.26
03/31/2010,42.1
04/01/2010,43.27
04/05/2010,43.79
04/06/2010,43.84
04/07/2010,43.56
04/08/2010,43.77
04/09/2010,44.59
04/12/2010,43.99
04/13/2010,43.84
04/14/2010,44.28
04/15/2010,43.9
04/16/2010,42.31
04/19/2010,41.91
04/20/2010,42.59
04/21/2010,41.99
04/22/2010,42.18
04/23/2010,42.05
04/26/2010,42.07
04/27/2010,40.46
04/28/2010,40.9
04/29/2010,40.98
04/30/2010,40.84
05/03/2010,41.21
05/04/2010,39.69
05/05/2010,39.06
05/06/2010,37.75
05/07/2010,38.24
05/10/2010,40.35
05/11/2010,39.62
05/12/2010,39.82
05/13/2010,39.61
05/14/2010,38.88
05/17/2010,38.68
05/18/2010,38.44
05/19/2010,38.37
05/20/2010,37.02
05/21/2010,38.21
05/24/2010,38.43
05/25/2010,37.97
05/26/2010,37.92
05/27/2010,39.73
05/28/2010,39.38
06/01/2010,38.48
06/02/2010,39.53
06/03/2010,39.31
06/04/2010,38.37
06/07/2010,38.0
06/08/2010,38.82
06/09/2010,39.09
06/10/2010,40.04
06/11/2010,40.27
06/14/2010,40.11
06/15/2010,41.03
06/16/2010,41.1
06/17/2010,40.62
06/18/2010,40.66
06/21/2010,41.6
06/22/2010,40.95
06/23/2010,41.26
06/24/2010,40.77
06/25/2010,41.18
06/28/2010,40.96
06/29/2010,39.31
06/30/2010,39.13
07/01/2010,39.38
07/02/2010,39.02
07/06/2010,39.76
07/07/2010,40.04
07/08/2010,39.95
07/09/2010,40.68
07/12/2010,40.47
07/13/2010,40.86
07/14/2010,40.48
07/15/2010,39.86
07/16/2010,38.74
07/19/2010,39.07
07/20/2010,40.14
07/21/2010,40.02
07/22/2010,41.12
07/23/2010,41.46
07/26/2010,41.37
07/27/2010,41.17
07/28/2010,41.18
07/29/2010,41.09
07/30/2010,41.24
08/02/2010,42.39
08/03/2010,41.98
08/04/2010,42.14
08/05/2010,42.03
08/06/2010,41.95
08/09/2010,42.22
08/10/2010,41.3
08/11/2010,40.15
08/12/2010,40.01
08/13/2010,40.05
08/16/2010,40.5
08/17/2010,40.84
08/18/2010,40.71
08/19/2010,40.44
08/20/2010,40.54
08/23/2010,39.98
08/24/2010,39.58
08/25/2010,39.55
08/26/2010,39.22
08/27/2010,39.97
08/30/2010,39.36
08/31/2010,39.29
09/01/2010,40.3
09/02/2010,40.71
09/03/2010,40.95
09/07/2010,40.54
09/08/2010,40.72
09/09/2010,40.91
09/10/2010,40.79
09/13/2010,41.93
09/14/2010,42.1
09/15/2010,41.83
09/16/2010,41.59
09/17/2010,41.96
09/20/2010,42.48
09/21/2010,42.45
09/22/2010,42.21
09/23/2010,41.89
09/24/2010,42.85
09/27/2010,42.63
09/28/2010,42.49
09/29/2010,42.72
09/30/2010,42.82
10/01/2010,43.1
10/04/2010,43.35
10/05/2010,44.27
10/06/2010,44.24
10/07/2010,43.86
10/08/2010,44.4
10/11/2010,44.82
10/12/2010,44.68
10/13/2010,45.74
10/14/2010,45.88
10/15/2010,46.2
10/18/2010,46.33
10/19/2010,45.24
10/20/2010,46.18
10/21/2010,46.14
10/22/2010,45.67
10/25/2010,46.22
10/26/2010,46.17
10/27/2010,45.08
10/28/2010,45.11
10/29/2010,44.97
11/01/2010,45.43
11/02/2010,46.01
11/03/2010,46.99
11/04/2010,47.88
11/05/2010,47.83
11/08/2010,47.93
11/09/2010,46.91
11/10/2010,47.24
11/11/2010,47.45
11/12/2010,46.02
11/15/2010,45.42
11/16/2010,44.11
11/17/2010,44.16
11/18/2010,45.1
11/19/2010,44.66
11/22/2010,44.48
11/23/2010,43.47
11/24/2010,44.2
11/26/2010,43.24
11/29/2010,43.84
11/30/2010,43.34
12/01/2010,44.45
12/02/2010,45.06
12/03/2010,44.42
12/06/2010,43.84
12/07/2010,43.99
12/08/2010,43.3
12/09/2010,43.36
12/10/2010,43.43
12/13/2010,43.87
12/14/2010,43.78
12/15/2010,42.76
12/16/2010,42.6
12/17/2010,42.59
12/20/2010,42.38
12/21/2010,43.27
12/22/2010,43.15
12/23/2010,42.6
12/27/2010,42.55
12/28/2010,42.19
12/29/2010,42.78
12/30/2010,42.67
12/31/2010,43.09
01/03/2011,43.73
01/04/2011,44.28
01/05/2011,44.32
01/06/2011,43.97
01/07/2011,43.65
01/10/2011,43.31
01/11/2011,43.8
01/12/2011,44.69
01/13/2011,44.56
01/14/2011,44.55
01/18/2011,44.22
01/19/2011,44.34
01/20/2011,43.61
01/21/2011,43.23
01/24/2011,43.07
01/25/2011,42.83
01/26/2011,43.09
01/27/2011,43.14
01/28/2011,42.03
01/31/2011,42.55
02/01/2011,42.84
02/02/2011,42.79
02/03/2011,42.68
02/04/2011,42.87
02/07/2011,42.47
02/08/2011,42.58
02/09/2011,41.5
02/10/2011,41.37
02/11/2011,41.68
02/14/2011,41.92
02/15/2011,41.8
02/16/2011,42.31
02/17/2011,42.66
02/18/2011,42.73
02/22/2011,41.2
02/23/2011,41.24
02/24/2011,41.16
02/25/2011,41.84
02/28/2011,42.45
03/01/2011,42.17
03/02/2011,42.56
03/03/2011,43.32
03/04/2011,43.44
03/07/2011,43.1
03/08/2011,44.14
03/09/2011,44.43
03/10/2011,43.64
03/11/2011,43.53
03/14/2011,43.57
03/15/2011,42.81
03/16/2011,41.75
03/17/2011,41.98
03/18/2011,41.68
03/21/2011,42.75
03/22/2011,42.83
03/23/2011,43.19
03/24/2011,43.63
03/25/2011,43.67
03/28/2011,43.33
03/29/2011,43.72
03/30/2011,44.4
03/31/2011,44.91
04/01/2011,45.49
04/04/2011,46.35
04/05/2011,46.0
04/06/2011,46.07
04/07/2011,45.99
04/08/2011,46.02
04/11/2011,45.57
04/12/2011,45.04
04/13/2011,45.48
04/14/2011,45.55
04/15/2011,45.79
04/18/2011,44.89
04/19/2011,44.84
04/20/2011,45.99
04/21/2011,46.37
04/25/2011,45.87
04/26/2011,46.01
04/27/2011,45.57
04/28/2011,45.22
04/29/2011,45.21
05/02/2011,45.07
05/03/2011,44.51
05/04/2011,43.71
05/05/2011,43.35
05/06/2011,43.78
05/09/2011,43.86
05/10/2011,44.29
05/11/2011,43.63
05/12/2011,43.71
05/13/2011,43.2
05/16/2011,43.1
05/17/2011,43.15
05/18/2011,44.14
05/19/2011,44.12
05/20/2011,44.02
05/23/2011,42.94
05/24/2011,43.28
05/25/2011,43.49
05/26/2011,43.73
05/27/2011,44.18
05/31/2011,45.37
06/01/2011,44.48
06/02/2011,44.59
06/03/2011,43.71
06/06/2011,43.28
06/07/2011,43.55
06/08/2011,43.32
06/09/2011,43.39
06/10/2011,42.32
06/13/2011,42.62
06/14/2011,43.13
06/15/2011,42.34
06/16/2011,42.08
06/17/2011,42.08
06/20/2011,41.95
06/21/2011,41.9
06/22/2011,41.11
06/23/2011,41.27
06/24/2011,41.64
06/27/2011,42.35
06/28/2011,42.6
06/29/2011,42.45
06/30/2011,42.95
07/01/2011,43.3
07/05/2011,42.97
07/06/2011,42.42
07/07/2011,42.8
07/08/2011,42.27
07/11/2011,41.28
07/12/2011,40.89
07/13/2011,41.5
07/14/2011,41.2
07/15/2011,41.33
07/18/2011,41.21
07/19/2011,41.77
07/20/2011,41.94
07/21/2011,42.18
07/22/2011,42.44
07/25/2011,42.18
07/26/2011,42.66
07/27/2011,42.06
07/28/2011,42.36
07/29/2011,42.36
08/01/2011,42.22
08/02/2011,41.15
08/03/2011,40.93
08/04/2011,39.24
08/05/2011,38.76
08/08/2011,35.99
08/09/2011,37.46
08/10/2011,35.12
08/11/2011,37.02
08/12/2011,36.71
08/15/2011,38.08
08/16/2011,37.82
08/17/2011,37.67
08/18/2011,36.2
08/19/2011,35.88
08/22/2011,35.67
08/23/2011,37.31
08/24/2011,36.88
08/25/2011,36.63
08/26/2011,36.96
08/29/2011,37.97
08/30/2011,37.94
08/31/2011,38.63
09/01/2011,38.09
09/02/2011,37.12
09/06/2011,37.17
09/07/2011,37.85
09/08/2011,36.95
09/09/2011,35.95
09/12/2011,35.79
09/13/2011,35.88
09/14/2011,35.97
09/15/2011,36.36
09/16/2011,36.62
09/19/2011,35.41
09/20/2011,35.22
09/21/2011,33.67
09/22/2011,31.53
09/23/2011,32.27
09/26/2011,32.13
09/27/2011,33.76
09/28/2011,32.49
09/29/2011,32.91
09/30/2011,30.83
10/03/2011,29.75
10/04/2011,29.79
10/05/2011,31.0
10/06/2011,31.44
10/07/2011,31.04
10/10/2011,32.69
10/11/2011,33.4
10/12/2011,34.72
10/13/2011,34.31
10/14/2011,34.67
10/17/2011,33.57
10/18/2011,34.14
10/19/2011,33.12
10/20/2011,32.57
10/21/2011,33.46
10/24/2011,35.28
10/25/2011,34.73
10/26/2011,36.13
10/27/2011,38.21
10/28/2011,37.79
10/31/2011,36.06
11/01/2011,35.51
11/02/2011,37.44
11/03/2011,38.07
11/04/2011,37.72
11/07/2011,38.21
11/08/2011,38.95
11/09/2011,36.84
11/10/2011,36.99
11/11/2011,37.8
11/14/2011,37.31
11/15/2011,37.79
11/16/2011,36.19
11/17/2011,35.28
11/18/2011,35.32
11/21/2011,34.24
11/22/2011,34.32
11/23/2011,33.38
11/25/2011,33.33
11/28/2011,34.61
11/29/2011,34.29
11/30/2011,36.22
12/01/2011,36.62
12/02/2011,36.4
12/05/2011,36.87
12/06/2011,36.56
12/07/2011,36.82
12/08/2011,35.7
12/09/2011,36.3
12/12/2011,34.94
12/13/2011,34.74
12/14/2011,34.38
12/15/2011,34.09
12/16/2011,34.53
12/19/2011,33.61
12/20/2011,35.04
12/21/2011,34.76
12/22/2011,35.31
12/23/2011,35.31
12/27/2011,35.18
12/28/2011,34.53
12/29/2011,34.85
12/30/2011,34.87
01/03/2012,35.98
01/04/2012,35.45
01/05/2012,35.69
01/06/2012,35.17
01/09/2012,35.92
01/10/2012,36.73
01/11/2012,36.74
01/12/2012,36.84
01/13/2012,36.74
01/17/2012,37.62
01/18/2012,38.32
01/19/2012,38.6
01/20/2012,38.67
01/23/2012,38.83
01/24/2012,38.97
01/25/2012,39.41
01/26/2012,39.18
01/27/2012,39.6
01/30/2012,38.47
01/31/2012,38.83
02/01/2012,39.42
02/02/2012,39.93
02/03/2012,40.49
02/06/2012,39.87
02/07/2012,39.72
02/08/2012,40.4
02/09/2012,40.09
02/10/2012,38.93
02/13/2012,39.42
02/14/2012,39.39
02/15/2012,39.81
02/16/2012,40.31
02/17/2012,40.26
02/21/2012,39.93
02/22/2012,40.32
02/23/2012,40.14
02/24/2012,40.16
02/27/2012,39.71
02/28/2012,40.29
02/29/2012,40.28
03/01/2012,40.32
03/02/2012,40.27
03/05/2012,39.17
03/06/2012,37.75
03/07/2012,37.92
03/08/2012,38.81
03/09/2012,39.03
03/12/2012,38.83
03/13/2012,39.96
03/14/2012,38.67
03/15/2012,38.86
03/16/2012,38.76
03/19/2012,37.97
03/20/2012,37.27
03/21/2012,37.42
03/22/2012,36.89
03/23/2012,36.91
03/26/2012,37.31
03/27/2012,37.25
03/28/2012,36.7
03/29/2012,36.3
03/30/2012,36.66
04/02/2012,37.09
04/03/2012,37.2
04/04/2012,36.63
04/05/2012,37.0
04/09/2012,36.35
04/10/2012,35.75
04/11/2012,36.16
04/12/2012,37.45
04/13/2012,37.42
04/16/2012,37.08
04/17/2012,37.52
04/18/2012,37.54
04/19/2012,37.77
04/20/2012,38.0
04/23/2012,37.0
04/24/2012,37.19
04/25/2012,37.53
04/26/2012,37.74
04/27/2012,37.87
04/30/2012,37.92
05/01/2012,38.35
05/02/2012,38.31
05/03/2012,37.92
05/04/2012,37.37
05/07/2012,37.18
05/08/2012,36.43
05/09/2012,35.93
05/10/2012,35.81
05/11/2012,35.33
05/14/2012,34.73
05/15/2012,34.72
05/16/2012,33.93
05/17/2012,33.19
05/18/2012,33.0
05/21/2012,33.86
05/22/2012,33.63
05/23/2012,33.25
05/24/2012,32.74
05/25/2012,32.58
05/29/2012,33.88
05/30/2012,33.29
05/31/2012,33.49
06/01/2012,32.69
06/04/2012,32.59
06/05/2012,32.62
06/06/2012,33.48
06/07/2012,33.77
06/08/2012,32.81
06/11/2012,32.79
06/12/2012,33.52
06/13/2012,33.67
06/14/2012,33.74
06/15/2012,34.46
06/18/2012,34.57
06/19/2012,34.9
06/20/2012,33.94
06/21/2012,32.52
06/22/2012,32.52
06/25/2012,31.82
06/26/2012,32.19
06/27/2012,32.63
06/28/2012,32.49
06/29/2012,33.66
07/02/2012,33.65
07/03/2012,34.2
07/05/2012,34.09
07/06/2012,33.45
07/09/2012,33.05
07/10/2012,32.43
07/11/2012,32.69
07/12/2012,32.09
07/13/2012,32.58
07/16/2012,32.46
07/17/2012,33.19
07/18/2012,32.97
07/19/2012,33.7
07/20/2012,33.26
07/23/2012,32.6
07/24/2012,32.48
07/25/2012,32.68
07/26/2012,33.24
07/27/2012,34.12
07/30/2012,34.06
07/31/2012,34.21
08/01/2012,34.3
08/02/2012,33.96
08/03/2012,34.8
08/06/2012,34.99
08/07/2012,35.19
08/08/2012,35.25
08/09/2012,35.29
08/10/2012,35.23
08/13/2012,34.92
08/14/2012,35.2
08/15/2012,34.93
08/16/2012,34.62
08/17/2012,34.5
08/20/2012,34.46
08/21/2012,34.29
08/22/2012,34.28
08/23/2012,34.2
08/24/2012,34.01
08/27/2012,33.51
08/28/2012,33.61
08/29/2012,33.5
08/30/2012,32.95
08/31/2012,33.07
09/04/2012,32.46
09/05/2012,32.17
09/06/2012,32.73
09/07/2012,33.66
09/10/2012,33.06
09/11/2012,33.4
09/12/2012,33.78
09/13/2012,34.58
09/14/2012,35.19
09/17/2012,34.74
09/18/2012,34.52
09/19/2012,35.08
09/20/2012,34.52
09/21/2012,34.74
09/24/2012,34.65
09/25/2012,34.2
09/26/2012,33.88
09/27/2012,34.74
09/28/2012,34.6
10/01/2012,34.94
10/02/2012,34.92
10/03/2012,34.91
10/04/2012,35.16
10/05/2012,35.37
10/08/2012,34.99
10/09/2012,35.02
10/10/2012,35.26
10/11/2012,36.09
10/12/2012,36.38
10/15/2012,36.65
10/16/2012,36.85
10/17/2012,37.35
10/18/2012,37.45
10/19/2012,37.13
10/22/2012,37.67
10/23/2012,36.98
10/24/2012,37.2
10/25/2012,37.53
10/26/2012,36.93
10/31/2012,36.78
11/01/2012,37.75
11/02/2012,37.46
11/05/2012,37.79
11/06/2012,38.11
11/07/2012,37.28
11/08/2012,36.52
11/09/2012,36.46
11/12/2012,36.55
11/13/2012,35.98
11/14/2012,35.73
11/15/2012,35.71
11/16/2012,35.77
11/19/2012,36.55
11/20/2012,36.19
11/21/2012,36.58
11/23/2012,37.46
11/26/2012,37.33
11/27/2012,36.86
11/28/2012,36.84
11/29/2012,36.85
11/30/2012,37.15
12/03/2012,36.8
12/04/2012,37.01
12/05/2012,38.12
12/06/2012,38.27
12/07/2012,38.41
12/10/2012,38.77
12/11/2012,38.8
12/12/2012,39.0
12/13/2012,38.66
12/14/2012,39.34
12/17/2012,39.35
12/18/2012,39.54
12/19/2012,39.48
12/20/2012,39.75
12/21/2012,39.24
12/24/2012,39.14
12/26/2012,39.47
12/27/2012,39.54
12/28/2012,39.55
12/31/2012,40.45
01/02/2013,41.85
01/03/2013,41.59
01/04/2013,41.62
01/07/2013,41.29
01/08/2013,40.56
01/09/2013,41.0
01/10/2013,41.52
01/11/2013,41.09
01/14/2013,41.31
01/15/2013,41.28
01/16/2013,41.21
01/17/2013,41.36
01/18/2013,41.7
01/22/2013,41.73
01/23/2013,41.53
01/24/2013,41.53
01/25/2013,41.1
01/28/2013,40.96
01/29/2013,41.55
01/30/2013,41.59
01/31/2013,41.47
02/01/2013,41.82
02/04/2013,40.63
02/05/2013,40.62
02/06/2013,40.46
02/07/2013,39.52
02/08/2013,39.85
02/11/2013,39.77
02/12/2013,39.83
02/13/2013,40.05
02/14/2013,40.22
02/15/2013,40.32
02/19/2013,39.44
02/20/2013,39.04
02/21/2013,38.51
02/22/2013,38.54
02/25/2013,38.04
02/26/2013,38.12
02/27/2013,38.47
02/28/2013,38.95
03/01/2013,38.6
03/04/2013,37.93
03/05/2013,38.22
03/06/2013,38.5
03/07/2013,38.57
03/08/2013,39.08
03/11/2013,38.63
03/12/2013,37.98
03/13/2013,37.34
03/14/2013,37.76
03/15/2013,37.44
03/18/2013,36.79
03/19/2013,36.34
03/20/2013,37.25
03/21/2013,36.84
03/22/2013,36.94
03/25/2013,36.82
03/26/2013,37.31
03/27/2013,37.35
03/28/2013,36.93
04/01/2013,36.48
04/02/2013,36.48
04/03/2013,35.87
04/04/2013,35.97
04/05/2013,35.64
04/08/2013,35.63
04/09/2013,36.24
04/10/2013,36.42
04/11/2013,36.27
04/12/2013,36.0
04/15/2013,34.92
04/16/2013,35.56
04/17/2013,34.83
04/18/2013,34.93
04/19/2013,36.05
04/22/2013,36.22
04/23/2013,36.02
04/24/2013,36.48
04/25/2013,37.05
04/26/2013,36.94
04/29/2013,37.42
04/30/2013,37.74
05/01/2013,37.19
05/02/2013,37.38
05/03/2013,37.71
05/06/2013,37.89
05/07/2013,38.31
05/08/2013,38.62
05/09/2013,38.22
05/10/2013,38.42
05/13/2013,37.73
05/14/2013,37.75
05/15/2013,37.75
05/16/2013,37.54
05/17/2013,37.91
05/20/2013,38.37
05/21/2013,38.12
05/22/2013,37.54
05/23/2013,37.18
05/24/2013,36.56
05/28/2013,37.16
05/29/2013,36.58
05/30/2013,36.74
05/31/2013,36.01
06/03/2013,36.54
06/04/2013,36.18
06/05/2013,35.69
06/06/2013,35.92
06/07/2013,35.67
06/10/2013,35.35
06/11/2013,34.82
06/12/2013,34.59
06/13/2013,34.94
06/14/2013,33.98
06/17/2013,34.48
06/18/2013,34.56
06/19/2013,33.61
06/20/2013,32.21
06/21/2013,32.74
06/24/2013,31.94
06/25/2013,31.7
06/26/2013,32.26
06/27/2013,32.49
06/28/2013,32.52
07/01/2013,32.48
07/02/2013,32.02
07/03/2013,31.73
07/05/2013,32.07
07/08/2013,32.21
07/09/2013,32.36
07/10/2013,32.45
07/11/2013,34.15
07/12/2013,33.21
07/15/2013,33.55
07/16/2013,33.62
07/17/2013,33.83
07/18/2013,33.63
07/19/2013,33.73
07/22/2013,33.77
07/23/2013,34.7
07/24/2013,34.34
07/25/2013,34.64
07/26/2013,34.72
07/29/2013,34.31
07/30/2013,34.4
07/31/2013,34.26
08/01/2013,34.91
08/02/2013,34.97
08/05/2013,34.67
08/06/2013,34.43
08/07/2013,33.78
08/08/2013,34.4
08/09/2013,34.53
08/12/2013,35.65
08/13/2013,36.38
08/14/2013,36.41
08/15/2013,36.15
08/16/2013,36.16
08/19/2013,36.06
08/20/2013,35.57
08/21/2013,34.85
08/22/2013,35.79
08/23/2013,35.66
08/26/2013,35.68
08/27/2013,35.08
08/28/2013,34.99
08/29/2013,35.11
08/30/2013,35.13
09/03/2013,36.23
09/04/2013,36.85
09/05/2013,37.23
09/06/2013,37.38
09/09/2013,38.27
09/10/2013,38.79
09/11/2013,38.5
09/12/2013,38.07
09/13/2013,38.2
09/16/2013,38.59
09/17/2013,38.41
09/18/2013,39.16
09/19/2013,38.88
09/20/2013,38.43
09/23/2013,38.65
09/24/2013,38.11
09/25/2013,37.91
09/26/2013,37.9
09/27/2013,37.65
09/30/2013,37.08
10/01/2013,37.6
10/02/2013,37.57
10/03/2013,37.51
10/04/2013,38.01
10/07/2013,37.6
10/08/2013,37.53
10/09/2013,37.73
10/10/2013,38.14
10/11/2013,38.35
10/14/2013,38.5
10/15/2013,38.12
10/16/2013,38.2
10/17/2013,38.11
10/18/2013,38.15
10/21/2013,38.17
10/22/2013,38.17
10/23/2013,36.9
10/24/2013,36.48
10/25/2013,36.43
10/28/2013,36.55
10/29/2013,37.03
10/30/2013,37.54
10/31/2013,37.57
11/01/2013,37.83
11/04/2013,37.88
11/05/2013,37.27
11/06/2013,37.24
11/07/2013,36.63
11/08/2013,36.84
11/11/2013,37.23
11/12/2013,36.9
11/13/2013,36.49
11/14/2013,36.83
11/15/2013,38.44
11/18/2013,39.82
11/19/2013,39.88
11/20/2013,39.57
11/21/2013,39.72
11/22/2013,39.96
11/25/2013,39.17
11/26/2013,39.38
11/27/2013,40.19
11/29/2013,40.13
12/02/2013,39.79
12/03/2013,39.43
12/04/2013,39.64
12/05/2013,39.4
12/06/2013,40.15
12/09/2013,39.88
12/10/2013,39.83
12/11/2013,38.53
12/12/2013,38.11
12/13/2013,38.38
12/16/2013,38.37
12/17/2013,37.72
12/18/2013,38.47
12/19/2013,37.59
12/20/2013,37.32
12/23/2013,37.27
12/24/2013,37.95
12/26/2013,37.64
12/27/2013,38.2
12/30/2013,37.97
12/31/2013,38.37
01/02/2014,37.12
01/03/2014,36.66
01/06/2014,36.01
01/07/2014,36.02
01/08/2014,36.45
01/09/2014,35.78
01/10/2014,36.43
01/13/2014,35.71
01/14/2014,36.26
01/15/2014,36.19
01/16/2014,35.86
01/17/2014,35.8
01/21/2014,35.8
01/22/2014,36.66
01/23/2014,35.02
01/24/2014,34.22
01/27/2014,34.16
01/28/2014,34.55
01/29/2014,34.5
01/30/2014,34.66
01/31/2014,34.58
02/03/2014,33.75
02/04/2014,34.14
02/05/2014,33.71
02/06/2014,34.27
02/07/2014,34.4
02/10/2014,34.1
02/11/2014,35.4
02/12/2014,35.38
02/13/2014,35.47
02/14/2014,35.78
02/18/2014,35.8
02/19/2014,35.98
02/20/2014,35.68
02/21/2014,35.74
02/24/2014,35.31
02/25/2014,34.7
02/26/2014,34.82
02/27/2014,35.78
02/28/2014,35.39
03/03/2014,34.96
03/04/2014,35.36
03/05/2014,35.01
03/06/2014,35.38
03/07/2014,34.99
03/10/2014,34.44
03/11/2014,33.9
03/12/2014,33.81
03/13/2014,32.98
03/14/2014,33.03
03/17/2014,33.07
03/18/2014,33.63
03/19/2014,33.1
03/20/2014,33.0
03/21/2014,33.95
03/24/2014,34.49
03/25/2014,34.77
03/26/2014,34.85
03/27/2014,35.1
03/28/2014,35.83
03/31/2014,35.78
04/01/2014,35.9
04/02/2014,35.84
04/03/2014,35.75
04/04/2014,35.63
04/07/2014,35.81
04/08/2014,36.38
04/09/2014,36.82
04/10/2014,36.68
04/11/2014,36.14
04/14/2014,36.2
04/15/2014,35.29
04/16/2014,35.73
04/17/2014,35.82
04/21/2014,35.59
04/22/2014,35.41
04/23/2014,34.93
04/24/2014,34.98
04/25/2014,34.7
04/28/2014,34.61
04/29/2014,35.07
04/30/2014,34.93
05/01/2014,34.99
05/02/2014,35.0
05/05/2014,34.7
05/06/2014,34.76
05/07/2014,34.61
05/08/2014,34.72
05/09/2014,34.58
05/12/2014,35.32
05/13/2014,35.42
05/14/2014,35.82
05/15/2014,35.57
05/16/2014,35.97
05/19/2014,35.76
05/20/2014,35.55
05/21/2014,36.04
05/22/2014,36.35
05/23/2014,36.34
05/27/2014,36.15
05/28/2014,36.59
05/29/2014,36.66
05/30/2014,36.85
06/02/2014,37.12
06/03/2014,37.45
06/04/2014,37.14
06/05/2014,37.44
06/06/2014,37.24
06/09/2014,37.61
06/10/2014,37.78
06/11/2014,37.62
06/12/2014,37.52
06/13/2014,38.09
06/16/2014,38.02
06/17/2014,37.99
06/18/2014,38.28
06/19/2014,37.93
06/20/2014,37.83
06/23/2014,37.36
06/24/2014,36.7
06/25/2014,36.77
06/26/2014,37.13
06/27/2014,37.21
06/30/2014,37.04
07/01/2014,37.32
07/02/2014,38.02
07/03/2014,38.43
07/07/2014,38.35
07/08/2014,38.15
07/09/2014,37.97
07/10/2014,37.74
07/11/2014,37.9
07/14/2014,38.4
07/15/2014,38.4
07/16/2014,38.52
07/17/2014,37.97
07/18/2014,38.24
07/21/2014,38.21
07/22/2014,39.07
07/23/2014,39.59
07/24/2014,40.12
07/25/2014,40.19
07/28/2014,41.05
07/29/2014,40.95
07/30/2014,40.71
07/31/2014,40.47
08/01/2014,40.72
08/04/2014,41.07
08/05/2014,40.47
08/06/2014,40.21
08/07/2014,39.86
08/08/2014,40.49
08/11/2014,41.04
08/12/2014,40.97
08/13/2014,41.47
08/14/2014,41.02
08/15/2014,41.07
08/18/2014,41.4
08/19/2014,41.43
08/20/2014,41.21
08/21/2014,40.67
08/22/2014,40.89
08/25/2014,41.25
08/26/2014,41.31
08/27/2014,41.02
08/28/2014,40.52
08/29/2014,40.47
09/02/2014,40.71
09/03/2014,42.06
09/04/2014,42.19
09/05/2014,42.52
09/08/2014,42.29
09/09/2014,41.99
09/10/2014,41.25
09/11/2014,41.11
09/12/2014,40.95
09/15/2014,40.37
09/16/2014,40.63
09/17/2014,40.34
09/18/2014,40.28
09/19/2014,39.87
09/22/2014,39.12
09/23/2014,39.08
09/24/2014,39.84
09/25/2014,39.0
09/26/2014,39.19
09/29/2014,38.27
09/30/2014,38.28
10/01/2014,37.46
10/02/2014,37.47
10/03/2014,38.08
10/06/2014,38.63
10/07/2014,38.3
10/08/2014,39.02
10/09/2014,38.38
10/10/2014,37.71
10/13/2014,38.05
10/14/2014,38.11
10/15/2014,37.95
10/16/2014,37.8
10/17/2014,38.24
10/20/2014,38.26
10/21/2014,38.41
10/22/2014,38.26
10/23/2014,38.5
10/24/2014,38.64
10/27/2014,38.1
10/28/2014,39.27
10/29/2014,39.41
10/30/2014,39.45
10/31/2014,39.93
11/03/2014,39.55
11/04/2014,39.77
11/05/2014,39.46
11/06/2014,39.35
11/07/2014,39.28
11/10/2014,39.3
11/11/2014,39.49
11/12/2014,39.45
11/13/2014,39.68
11/14/2014,40.45
11/17/2014,39.25
11/18/2014,38.82
11/19/2014,38.64
11/20/2014,38.49
11/21/2014,39.91
11/24/2014,40.02
11/25/2014,39.69
11/26/2014,40.93
11/28/2014,40.6
12/01/2014,39.54
12/02/2014,40.51
12/03/2014,40.3
12/04/2014,41.51
12/05/2014,41.98
12/08/2014,41.68
12/09/2014,40.29
12/10/2014,39.9
12/11/2014,40.06
12/12/2014,39.56
12/15/2014,39.45
12/16/2014,39.36
12/17/2014,40.34
12/18/2014,40.53
12/19/2014,40.26
12/22/2014,41.25
12/23/2014,40.66
12/24/2014,40.33
12/26/2014,41.68
12/29/2014,41.59
12/30/2014,40.95
12/31/2014,41.62
01/02/2015,41.68
01/05/2015,41.53
01/06/2015,41.02
01/07/2015,42.1
01/08/2015,42.44
01/09/2015,42.28
01/12/2015,41.9
01/13/2015,42.5
01/14/2015,42.05
01/15/2015,42.47
01/16/2015,42.22
01/20/2015,41.76
01/21/2015,43.09
01/22/2015,43.86
01/23/2015,43.75
01/26/2015,43.73
01/27/2015,42.89
01/28/2015,42.11
01/29/2015,42.39
01/30/2015,41.24
02/02/2015,41.94
02/03/2015,42.79
02/04/2015,43.15
02/05/2015,43.01
02/06/2015,42.04
02/09/2015,41.94
02/10/2015,42.13
02/11/2015,42.11
02/12/2015,42.71
02/13/2015,42.98
02/17/2015,43.14
02/18/2015,43.1
02/19/2015,43.06
02/20/2015,43.33
02/23/2015,42.97
02/24/2015,43.5
02/25/2015,43.24
02/26/2015,43.77
02/27/2015,43.76
03/02/2015,43.85
03/03/2015,42.7
03/04/2015,42.02
03/05/2015,41.7
03/06/2015,41.26
03/09/2015,41.74
03/10/2015,40.77
03/11/2015,40.87
03/12/2015,41.28
03/13/2015,41.49
03/16/2015,42.24
03/17/2015,42.42
03/18/2015,43.16
03/19/2015,43.15
03/20/2015,43.34
03/23/2015,43.2
03/24/2015,43.0
03/25/2015,42.51
03/26/2015,42.47
03/27/2015,43.1
03/30/2015,44.74
03/31/2015,44.4
04/01/2015,45.2
04/02/2015,45.66
04/06/2015,46.22
04/07/2015,46.37
04/08/2015,49.22
04/09/2015,51.12
04/10/2015,50.79
04/13/2015,51.34
04/14/2015,50.99
04/15/2015,51.34
04/16/2015,52.23
04/17/2015,50.03
04/20/2015,50.41
04/21/2015,51.5
04/22/2015,52.39
04/23/2015,51.85
04/24/2015,51.92
04/27/2015,52.71
04/28/2015,52.71
04/29/2015,51.98
04/30/2015,51.33
05/01/2015,51.8
05/04/2015,52.21
05/05/2015,50.33
05/06/2015,49.31
05/07/2015,49.29
05/08/2015,50.51
05/11/2015,50.07
05/12/2015,49.79
05/13/2015,49.21
05/14/2015,49.66
05/15/2015,50.6
05/18/2015,49.85
05/19/2015,50.53
05/20/2015,50.04
05/21/2015,49.84
05/22/2015,51.34
05/26/2015,51.6
05/27/2015,51.55
05/28/2015,49.68
05/29/2015,48.76
06/01/2015,49.3
06/02/2015,49.31
06/03/2015,49.65
06/04/2015,49.34
06/05/2015,48.96
06/08/2015,49.41
06/09/2015,48.73
06/10/2015,48.27
06/11/2015,48.69
06/12/2015,49.1
06/15/2015,47.61
06/16/2015,46.99
06/17/2015,47.13
06/18/2015,47.22
06/19/2015,46.79
06/22/2015,47.4
06/23/2015,48.5
06/24/2015,48.36
06/25/2015,47.56
06/26/2015,46.21
06/29/2015,45.0
06/30/2015,46.1
07/01/2015,45.73
07/02/2015,45.81
07/06/2015,43.84
07/07/2015,41.96
07/08/2015,38.95
07/09/2015,40.9
07/10/2015,42.76
07/13/2015,42.91
07/14/2015,42.72
07/15/2015,41.73
07/16/2015,42.54
07/17/2015,42.84
07/20/2015,42.57
07/21/2015,42.75
07/22/2015,42.31
07/23/2015,42.3
07/24/2015,41.74
07/27/2015,40.13
07/28/2015,40.79
07/29/2015,41.27
07/30/2015,40.64
07/31/2015,40.48
08/03/2015,39.89
08/04/2015,40.17
08/05/2015,40.45
08/06/2015,40.11
08/07/2015,40.53
08/10/2015,41.44
08/11/2015,40.9
08/12/2015,40.01
08/13/2015,40.31
08/14/2015,40.43
08/17/2015,40.17
08/18/2015,39.33
08/19/2015,38.45
08/20/2015,37.5
08/21/2015,36.56
08/24/2015,34.23
08/25/2015,35.01
08/26/2015,35.79
08/27/2015,37.47
08/28/2015,36.36
08/31/2015,35.91
09/01/2015,34.28
09/02/2015,34.67
09/03/2015,34.87
09/04/2015,33.58
09/08/2015,35.95
09/09/2015,35.99
09/10/2015,36.06
09/11/2015,36.34
09/14/2015,35.98
09/15/2015,36.45
09/16/2015,37.54
09/17/2015,37.11
09/18/2015,36.29
09/21/2015,36.81
09/22/2015,36.17
09/23/2015,35.66
09/24/2015,35.38
09/25/2015,35.26
09/28/2015,34.62
09/29/2015,34.59
09/30/2015,35.47
10/01/2015,35.71
10/02/2015,37.01
10/05/2015,37.67
10/06/2015,37.11
10/07/2015,38.66
10/08/2015,38.84
10/09/2015,38.66
10/12/2015,38.69
10/13/2015,38.19
10/14/2015,38.35
10/15/2015,39.62
10/16/2015,39.76
10/19/2015,39.38
10/20/2015,39.43
10/21/2015,38.85
10/22/2015,39.7
10/23/2015,40.37
10/26/2015,39.49
10/27/2015,39.18
10/28/2015,38.76
10/29/2015,38.38
10/30/2015,38.27
11/02/2015,38.59
11/03/2015,38.63
11/04/2015,39.12
11/05/2015,39.31
11/06/2015,38.95
11/09/2015,38.17
11/10/2015,37.91
11/11/2015,37.92
11/12/2015,37.89
11/13/2015,37.13
11/16/2015,37.69
11/17/2015,37.52
11/18/2015,37.78
11/19/2015,37.83
11/20/2015,38.47
11/23/2015,38.05
11/24/2015,38.06
11/25/2015,37.97
11/27/2015,36.93
11/30/2015,37.45
12/01/2015,37.63
12/02/2015,37.31
12/03/2015,37.04
12/04/2015,37.36
12/07/2015,36.8
12/08/2015,36.24
12/09/2015,35.86
12/10/2015,35.52
12/11/2015,34.53
12/14/2015,35.04
12/15/2015,35.64
12/16/2015,36.27
12/17/2015,35.83
12/18/2015,36.17
12/21/2015,35.77
12/22/2015,35.83
12/23/2015,36.55
12/24/2015,36.46
12/28/2015,35.87
12/29/2015,35.99
12/30/2015,35.41
12/31/2015,35.29
01/04/2016,34.15
01/05/2016,33.96
01/06/2016,33.22
01/07/2016,31.95
01/08/2016,31.62
01/11/2016,31.45
01/12/2016,31.4
01/13/2016,30.82
01/14/2016,31.26
01/15/2016,29.8
01/19/2016,30.54
01/20/2016,29.46
01/21/2016,29.66
01/22/2016,30.73
01/25/2016,29.98
01/26/2016,30.2
01/27/2016,29.78
01/28/2016,30.22
01/29/2016,31.2
02/01/2016,30.53
02/02/2016,29.75
02/03/2016,30.23
02/04/2016,29.95
02/05/2016,29.73
02/08/2016,29.14
02/09/2016,28.87
02/10/2016,29.07
02/11/2016,28.44
02/12/2016,29.07
02/16/2016,30.29
02/17/2016,30.76
02/18/2016,30.47
02/19/2016,30.46
02/22/2016,31.32
02/23/2016,30.54
02/24/2016,30.45
02/25/2016,30.35
02/26/2016,30.42
02/29/2016,30.28
03/01/2016,31.37
03/02/2016,32.05
03/03/2016,32.08
03/04/2016,32.99
03/07/2016,32.61
03/08/2016,31.86
03/09/2016,31.98
03/10/2016,31.73
03/11/2016,32.86
03/14/2016,32.9
03/15/2016,32.7
03/16/2016,33.07
03/17/2016,33.45
03/18/2016,33.68
03/21/2016,33.71
03/22/2016,33.44
03/23/2016,32.97
03/24/2016,32.74
03/28/2016,33.01
03/29/2016,33.34
03/30/2016,33.84
03/31/2016,33.77
04/01/2016,33.58
04/04/2016,33.17
04/05/2016,32.42
04/06/2016,33.03
04/07/2016,32.4
04/08/2016,32.82
04/11/2016,33.21
04/12/2016,33.67
04/13/2016,34.99
04/14/2016,34.92
04/15/2016,34.48
04/18/2016,34.7
04/19/2016,35.12
04/20/2016,34.72
04/21/2016,34.48
04/22/2016,34.35
04/25/2016,33.94
04/26/2016,34.14
04/27/2016,34.39
04/28/2016,34.07
04/29/2016,33.53
05/02/2016,33.47
05/03/2016,32.66
05/04/2016,32.25
05/05/2016,32.3
05/06/2016,32.11
05/09/2016,31.62
05/10/2016,32.35
05/11/2016,31.81
05/12/2016,31.75
05/13/2016,31.24
05/16/2016,31.85
05/17/2016,31.66
05/18/2016,31.41
05/19/2016,31.24
05/20/2016,31.64
05/23/2016,31.57
05/24/2016,32.18
05/25/2016,32.77
05/26/2016,32.65
05/27/2016,32.84
05/31/2016,33.65
06/01/2016,33.44
06/02/2016,33.73
06/03/2016,33.77
06/06/2016,34.2
06/07/2016,34.64
06/08/2016,34.74
06/09/2016,34.54
06/10/2016,33.61
06/13/2016,32.9
06/14/2016,32.99
06/15/2016,33.04
06/16/2016,32.95
06/17/2016,32.81
06/20/2016,33.39
06/21/2016,33.48
06/22/2016,33.76
06/23/2016,34.58
06/24/2016,32.48
06/27/2016,32.38
06/28/2016,33.16
06/29/2016,33.76
06/30/2016,34.22
07/01/2016,34.48
07/05/2016,33.7
07/06/2016,33.62
07/07/2016,33.46
07/08/2016,34.18
07/11/2016,34.44
07/12/2016,35.14
07/13/2016,34.99
07/14/2016,35.56
07/15/2016,35.46
07/18/2016,35.75
07/19/2016,35.08
07/20/2016,35.5
07/21/2016,35.47
07/22/2016,35.66
07/25/2016,35.37
07/26/2016,35.79
07/27/2016,35.65
07/28/2016,35.46
07/29/2016,35.43
08/01/2016,35.31
08/02/2016,35.2
08/03/2016,35.32
08/04/2016,35.4
08/05/2016,35.94
08/08/2016,36.14
08/09/2016,36.48
08/10/2016,36.27
08/11/2016,37.04
08/12/2016,37.12
08/15/2016,37.95
08/16/2016,37.79
08/17/2016,37.53
08/18/2016,37.86
08/19/2016,37.65
08/22/2016,37.31
08/23/2016,37.3
08/24/2016,37.12
08/25/2016,37.09
08/26/2016,36.93
08/29/2016,37.21
08/30/2016,37.45
08/31/2016,37.05
09/01/2016,37.33
09/02/2016,38.08
09/06/2016,38.66
09/07/2016,38.65
09/08/2016,39.02
09/09/2016,38.23
09/12/2016,38.28
09/13/2016,37.26
09/14/2016,37.26
09/15/2016,37.95
09/16/2016,37.73
09/19/2016,37.81
09/20/2016,37.89
09/21/2016,38.82
09/22/2016,38.96
09/23/2016,38.31
09/26/2016,37.52
09/27/2016,38.0
09/28/2016,38.32
09/29/2016,37.92
09/30/2016,38.01
10/03/2016,38.05
10/04/2016,37.74
10/05/2016,38.66
10/06/2016,38.8
10/07/2016,38.49
10/10/2016,39.04
10/11/2016,37.88
10/12/2016,37.83
10/13/2016,37.23
10/14/2016,37.59
10/17/2016,37.25
10/18/2016,37.86
10/19/2016,37.9
10/20/2016,37.85
10/21/2016,37.83
10/24/2016,38.11
10/25/2016,37.97
10/26/2016,37.59
10/27/2016,37.26
10/28/2016,36.85
10/31/2016,36.86
11/01/2016,37.1
11/02/2016,36.62
11/03/2016,36.56
11/04/2016,36.24
11/07/2016,37.36
11/08/2016,37.63
11/09/2016,36.74
11/10/2016,36.39
11/11/2016,35.98
11/14/2016,35.76
11/15/2016,36.26
11/16/2016,35.83
11/17/2016,35.97
11/18/2016,35.94
11/21/2016,36.24
11/22/2016,36.88
11/23/2016,36.74
11/25/2016,37.09
11/28/2016,37.23
11/29/2016,37.46
11/30/2016,37.59
12/01/2016,37.59
12/02/2016,37.31
12/05/2016,37.26
12/06/2016,37.26
12/07/2016,37.69
12/08/2016,37.69
12/09/2016,37.47
12/12/2016,36.61
12/13/2016,37.01
12/14/2016,36.2
12/15/2016,35.88
12/16/2016,35.5
12/19/2016,35.36
12/20/2016,35.23
12/21/2016,35.11
12/22/2016,34.06
12/23/2016,33.97
12/27/2016,34.05
12/28/2016,34.36
12/29/2016,34.81
12/30/2016,34.71
01/03/2017,35.15
01/04/2017,35.51
01/05/2017,36.02
01/06/2017,35.75
01/09/2017,35.8
01/10/2017,36.27
01/11/2017,36.53
01/12/2017,36.49
01/13/2017,36.57
01/17/2017,36.4
01/18/2017,36.58
01/19/2017,36.43
01/20/2017,36.29
01/23/2017,36.47
01/24/2017,36.62
01/25/2017,36.78
01/26/2017,36.85
01/27/2017,36.82
01/30/2017,36.68
01/31/2017,36.69
02/01/2017,36.67
02/02/2017,36.68
02/03/2017,36.63
02/06/2017,36.79
02/07/2017,36.77
02/08/2017,37.31
02/09/2017,37.81
02/10/2017,38.01
02/13/2017,38.25
02/14/2017,38.24
02/15/2017,38.82
02/16/2017,38.74
02/17/2017,38.46
02/21/2017,38.82
02/22/2017,39.03
02/23/2017,38.96
02/24/2017,38.54
02/27/2017,38.3
02/28/2017,38.2
03/01/2017,38.6
03/02/2017,37.77
03/03/2017,37.87
03/06/2017,37.84
03/07/2017,37.96
03/08/2017,37.91
03/09/2017,37.47
03/10/2017,37.65
03/13/2017,38.26
03/14/2017,38.14
03/15/2017,38.79
03/16/2017,39.34
03/17/2017,39.14
03/20/2017,39.62
03/21/2017,39.17
03/22/2017,39.29
03/23/2017,39.24
03/24/2017,39.25
03/27/2017,39.06
03/28/2017,39.23
03/29/2017,39.09
03/30/2017,38.8
03/31/2017,38.49
04/03/2017,38.72
04/04/2017,38.82
04/05/2017,38.9
04/06/2017,38.72
04/07/2017,38.74
04/10/2017,38.51
04/11/2017,38.32
04/12/2017,38.36
04/13/2017,38.26
04/17/2017,38.46
04/18/2017,37.8
04/19/2017,37.58
04/20/2017,38.08
04/21/2017,37.96
04/24/2017,38.17
04/25/2017,38.68
04/26/2017,38.7
04/27/2017,38.54
04/28/2017,38.53
05/01/2017,38.6
05/02/2017,38.47
05/03/2017,38.29
05/04/2017,37.75
05/05/2017,37.77
05/08/2017,37.65
05/09/2017,38.3
05/10/2017,38.68
05/11/2017,38.65
05/12/2017,39.06
05/15/2017,39.57
05/16/2017,39.48
05/17/2017,38.92
05/18/2017,39.04
05/19/2017,39.44
05/22/2017,39.63
05/23/2017,39.58
05/24/2017,39.59
05/25/2017,40.24
05/26/2017,40.23
05/30/2017,40.35
05/31/2017,40.14
06/01/2017,40.5
06/02/2017,40.52
06/05/2017,40.29
06/06/2017,40.55
06/07/2017,40.42
06/08/2017,40.6
06/09/2017,40.24
06/12/2017,39.88
06/13/2017,40.11
06/14/2017,39.93
06/15/2017,39.47
06/16/2017,39.58
06/19/2017,40.14
06/20/2017,39.52
06/21/2017,39.48
06/22/2017,39.74
06/23/2017,39.77
06/26/2017,40.23
06/27/2017,39.83
06/28/2017,40.03
06/29/2017,39.62
06/30/2017,39.71
07/03/2017,40.12
07/05/2017,39.96
07/06/2017,39.5
07/07/2017,39.48
07/10/2017,39.55
07/11/2017,40.3
07/12/2017,41.15
07/13/2017,41.25
07/14/2017,41.89
07/17/2017,41.72
07/18/2017,41.66
07/19/2017,42.17
07/20/2017,42.08
07/21/2017,42.04
07/24/2017,42.19
07/25/2017,42.1
07/26/2017,42.52
07/27/2017,42.37
07/28/2017,42.42
07/31/2017,42.54
08/01/2017,43.03
08/02/2017,42.92
08/03/2017,42.85
08/04/2017,42.84
08/07/2017,43.0
08/08/2017,43.31
08/09/2017,42.97
08/10/2017,41.74
08/11/2017,41.81
08/14/2017,42.18
08/15/2017,42.08
08/16/2017,42.72
08/17/2017,41.92
08/18/2017,42.01
08/21/2017,42.48
08/22/2017,43.13
08/23/2017,43.35
08/24/2017,43.51
08/25/2017,44.21
08/28/2017,44.23
08/29/2017,44.27
08/30/2017,44.27
08/31/2017,44.24
09/01/2017,44.26
09/05/2017,43.65
09/06/2017,43.83
09/07/2017,43.97
09/08/2017,43.79
09/11/2017,44.53
09/12/2017,44.39
09/13/2017,44.08
09/14/2017,44.01
09/15/2017,44.34
09/18/2017,44.82
09/19/2017,44.88
09/20/2017,44.96
09/21/2017,45.07
09/22/2017,44.58
09/25/2017,43.39
09/26/2017,43.74
09/27/2017,43.9
09/28/2017,43.53
09/29/2017,44.04
10/02/2017,44.18
10/03/2017,45.53
10/04/2017,45.64
10/05/2017,46.37
10/06/2017,45.82
10/09/2017,45.63
10/10/2017,46.03
10/11/2017,45.85
10/12/2017,45.87
10/13/2017,46.23
10/16/2017,46.3
10/17/2017,46.02
10/18/2017,46.47
10/19/2017,45.56
10/20/2017,46.14
10/23/2017,45.61
10/24/2017,45.63
10/25/2017,45.7
10/26/2017,45.67
10/27/2017,46.49
10/30/2017,45.77
10/31/2017,45.93
11/01/2017,46.23
11/02/2017,46.45
11/03/2017,46.28
11/06/2017,46.45
11/07/2017,46.72
11/08/2017,46.79
11/09/2017,46.84
11/10/2017,47.12
11/13/2017,46.96
11/14/2017,46.42
11/15/2017,45.85
11/16/2017,46.71
11/17/2017,46.49
11/20/2017,46.97
11/21/2017,48.23
11/22/2017,48.32
11/24/2017,47.94
11/27/2017,47.17
11/28/2017,47.56
11/29/2017,46.63
11/30/2017,46.17
12/01/2017,45.81
12/04/2017,45.85
12/05/2017,45.88
12/06/2017,44.86
12/07/2017,44.79
12/08/2017,45.54
12/11/2017,45.93
12/12/2017,45.45
12/13/2017,46.44
12/14/2017,46.01
12/15/2017,45.75
12/18/2017,45.98
12/19/2017,45.88
12/20/2017,45.76
12/21/2017,45.71
12/22/2017,45.98
12/26/2017,45.98
12/27/2017,45.69
12/28/2017,46.07
12/29/2017,46.17
01/02/2018,47.77
01/03/2018,48.18
01/04/2018,48.34
01/05/2018,48.54
01/08/2018,48.71
01/09/2018,48.57
01/10/2018,48.62
01/11/2018,48.96
01/12/2018,49.79
01/16/2018,49.8
01/17/2018,50.72
01/18/2018,51.07
01/19/2018,51.92
01/22/2018,52.21
01/23/2018,53.03
01/24/2018,53.35
01/25/2018,52.64
01/26/2018,54.0
01/29/2018,52.85
01/30/2018,51.98
01/31/2018,52.67
02/01/2018,51.91
02/02/2018,51.07
02/05/2018,49.88
02/06/2018,50.77
02/07/2018,48.06
02/08/2018,46.05
02/09/2018,46.12
02/12/2018,46.69
02/13/2018,46.69
02/14/2018,48.11
02/15/2018,49.36
02/16/2018,49.37
02/20/2018,48.37
02/21/2018,49.08
02/22/2018,48.78
02/23/2018,49.7
02/26/2018,50.34
02/27/2018,48.2
02/28/2018,47.22
03/01/2018,47.26
03/02/2018,47.26
03/05/2018,47.25
03/06/2018,47.62
03/07/2018,47.5
03/08/2018,47.68
03/09/2018,49.01
03/12/2018,49.12
03/13/2018,48.43
03/14/2018,48.71
03/15/2018,49.01
03/16/2018,49.19
03/19/2018,48.57
03/20/2018,49.23
03/21/2018,49.0
03/22/2018,47.12
03/23/2018,45.97
03/26/2018,47.74
03/27/2018,47.06
03/28/2018,46.65
03/29/2018,47.24
04/02/2018,46.21
04/03/2018,46.93
04/04/2018,46.89
04/05/2018,46.99
04/06/2018,45.97
04/09/2018,46.53
04/10/2018,48.0
04/11/2018,48.06
04/12/2018,48.24
04/13/2018,47.6
04/16/2018,47.01
04/17/2018,47.03
04/18/2018,46.92
04/19/2018,47.08
04/20/2018,46.42
04/23/2018,46.39
04/24/2018,46.97
04/25/2018,46.58
04/26/2018,46.79
04/27/2018,46.87
04/30/2018,46.93
05/01/2018,46.88
05/02/2018,46.75
05/03/2018,46.45
05/04/2018,46.54
05/07/2018,46.29
05/08/2018,46.97
05/09/2018,47.42
05/10/2018,48.02
05/11/2018,48.16
05/14/2018,48.63
05/15/2018,47.81
05/16/2018,48.6
05/17/2018,47.79
05/18/2018,47.89
05/21/2018,48.28
05/22/2018,48.03
05/23/2018,47.51
05/24/2018,47.22
05/25/2018,47.12
05/29/2018,46.11
05/30/2018,46.32
05/31/2018,46.7
06/01/2018,47.28
06/04/2018,47.97
06/05/2018,48.06
06/06/2018,48.77
06/07/2018,48.47
06/08/2018,48.21
06/11/2018,48.02
06/12/2018,47.96
06/13/2018,47.22
06/14/2018,47.07
06/15/2018,46.81
06/18/2018,46.25
06/19/2018,44.97
06/20/2018,44.72
06/21/2018,43.66
06/22/2018,44.2
06/25/2018,43.25
06/26/2018,43.2
06/27/2018,41.99
06/28/2018,42.36
06/29/2018,42.97
07/02/2018,42.09
07/03/2018,42.08
07/05/2018,41.95
07/06/2018,42.34
07/09/2018,43.23
07/10/2018,43.03
07/11/2018,42.16
07/12/2018,42.94
07/13/2018,42.9
07/16/2018,42.41
07/17/2018,42.34
07/18/2018,42.16
07/19/2018,41.4
07/20/2018,42.39
07/23/2018,42.29
07/24/2018,43.67
07/25/2018,44.29
07/26/2018,43.44
07/27/2018,43.43
07/30/2018,43.31
07/31/2018,43.62
08/01/2018,42.65
08/02/2018,42.11
08/03/2018,42.14
08/06/2018,41.91
08/07/2018,42.84
08/08/2018,42.67
08/09/2018,43.29
08/10/2018,42.77
08/13/2018,42.15
08/14/2018,42.06
08/15/2018,40.59
08/16/2018,40.98
08/17/2018,41.52
08/20/2018,41.67
08/21/2018,42.42
08/22/2018,42.72
08/23/2018,41.98
08/24/2018,42.6
08/27/2018,43.35
08/28/2018,43.14
08/29/2018,43.56
08/30/2018,42.3
08/31/2018,42.39
09/04/2018,42.09
09/05/2018,41.29
09/06/2018,41.38
09/07/2018,40.91
09/10/2018,40.53
09/11/2018,40.39
09/12/2018,40.75
09/13/2018,41.68
09/14/2018,41.23
09/17/2018,41.08
09/18/2018,41.81
09/19/2018,42.54
09/20/2018,42.79
09/21/2018,43.12
09/24/2018,42.64
09/25/2018,42.84
09/26/2018,43.03
09/27/2018,43.04
09/28/2018,42.82
10/01/2018,43.02
10/02/2018,41.98
10/03/2018,41.74
10/04/2018,40.72
10/05/2018,40.89
10/08/2018,40.59
10/09/2018,40.52
10/10/2018,39.43
10/11/2018,39.08
10/12/2018,40.09
10/15/2018,39.51
10/16/2018,40.24
10/17/2018,39.75
10/18/2018,38.64
10/19/2018,39.48
10/22/2018,40.54
10/23/2018,39.89
10/24/2018,38.73
10/25/2018,39.62
10/26/2018,38.98
10/29/2018,38.26
10/30/2018,38.81
10/31/2018,39.29
11/01/2018,40.94
11/02/2018,41.08
11/05/2018,41.13
11/06/2018,41.13
11/07/2018,41.97
11/08/2018,41.0
11/09/2018,39.89
11/12/2018,39.54
11/13/2018,40.34
11/14/2018,40.53
11/15/2018,41.28
11/16/2018,41.46
11/19/2018,40.78
11/20/2018,40.15
11/21/2018,40.9
11/23/2018,40.31
11/26/2018,41.13
11/27/2018,41.19
11/28/2018,42.11
11/29/2018,41.44
11/30/2018,42.02
12/03/2018,42.65
12/04/2018,42.0
12/06/2018,41.45
12/07/2018,40.58
12/10/2018,40.42
12/11/2018,40.67
12/12/2018,41.26
12/13/2018,41.59
12/14/2018,41.13
12/17/2018,40.55
12/18/2018,39.97
12/19/2018,39.31
12/20/2018,39.27
12/21/2018,38.98
12/24/2018,38.67
12/26/2018,39.46
12/27/2018,39.09
12/28/2018,39.07
12/31/2018,39.08
01/02/2019,38.76
01/03/2019,38.09
01/04/2019,39.38
01/07/2019,39.47
01/08/2019,39.65
01/09/2019,40.33
01/10/2019,40.57
01/11/2019,40.39
01/14/2019,39.91
01/15/2019,40.3
01/16/2019,40.84
01/17/2019,40.97
01/18/2019,41.37
01/22/2019,40.52
01/23/2019,40.98
01/24/2019,41.41
01/25/2019,42.19
01/28/2019,41.84
01/29/2019,41.84
01/30/2019,42.58
01/31/2019,43.14
02/01/2019,42.74
02/04/2019,42.79
02/05/2019,43.41
02/06/2019,42.88
02/07/2019,42.41
02/08/2019,42.42
02/11/2019,42.54
02/12/2019,42.62
02/13/2019,43.02
02/14/2019,42.86
02/15/2019,42.63
02/19/2019,43.25
02/20/2019,43.5
02/21/2019,43.4
02/22/2019,44.14
02/25/2019,45.02
02/26/2019,44.65
02/27/2019,43.93
02/28/2019,43.63
03/01/2019,44.17
03/04/2019,44.42
03/05/2019,44.97
03/06/2019,44.52
03/07/2019,43.53
03/08/2019,42.75
03/11/2019,43.6
03/12/2019,44.11
03/13/2019,43.99
03/14/2019,43.85
03/15/2019,44.46
03/18/2019,44.99
03/19/2019,45.17
03/20/2019,44.9
03/21/2019,44.89
03/22/2019,43.59
03/25/2019,43.5
03/26/2019,43.57
03/27/2019,43.49
03/28/2019,43.83
03/29/2019,44.27
04/01/2019,44.98
04/02/2019,44.74
04/03/2019,45.06
04/04/2019,45.53
04/05/2019,45.85
04/08/2019,45.71
04/09/2019,45.61
04/10/2019,45.52
04/11/2019,44.89
04/12/2019,45.44
04/15/2019,44.93
04/16/2019,45.6
04/17/2019,45.66
04/18/2019,45.73
04/22/2019,45.31
04/23/2019,45.3
04/24/2019,44.62
04/25/2019,44.34
04/26/2019,44.6
04/29/2019,44.76
04/30/2019,44.49
05/01/2019,44.28
05/02/2019,44.12
05/03/2019,44.91
05/06/2019,43.74
05/07/2019,42.56
05/08/2019,42.42
05/09/2019,41.7
05/10/2019,41.97
05/13/2019,40.62
05/14/2019,41.27
05/15/2019,41.47
05/16/2019,41.66
05/17/2019,40.97
05/20/2019,40.41
05/21/2019,40.85
05/22/2019,40.62
05/23/2019,40.12
05/24/2019,39.93
05/28/2019,40.13
05/29/2019,40.48
05/30/2019,40.49
05/31/2019,40.37
06/03/2019,40.54
06/04/2019,40.39
06/05/2019,40.13
06/06/2019,40.15
06/07/2019,40.52
06/10/2019,40.95
06/11/2019,41.41
06/12/2019,40.66
06/13/2019,40.88
06/14/2019,40.49
06/17/2019,40.42
06/18/2019,41.6
06/19/2019,41.92
06/20/2019,42.71
06/21/2019,42.5
06/24/2019,42.53
06/25/2019,41.82
06/26/2019,42.32
06/27/2019,42.79
06/28/2019,42.77
07/01/2019,43.4
07/02/2019,43.29
07/03/2019,43.13
07/05/2019,42.63
07/08/2019,42.31
07/09/2019,42.06
07/10/2019,42.18
07/11/2019,41.97
07/12/2019,42.13
07/15/2019,42.25
07/16/2019,42.18
07/17/2019,42.13
07/18/2019,42.24
07/19/2019,42.47
07/22/2019,42.08
07/23/2019,42.32
07/24/2019,42.46
07/25/2019,42.17
07/26/2019,42.23
07/29/2019,41.92
07/30/2019,41.66
07/31/2019,41.1
08/01/2019,40.17
08/02/2019,39.86
08/05/2019,38.3
08/06/2019,38.66
08/07/2019,38.85
08/08/2019,39.18
08/09/2019,38.74
08/12/2019,38.26
08/13/2019,38.87
08/14/2019,37.67
08/15/2019,38.19
08/16/2019,38.6
08/19/2019,39.15
08/20/2019,39.01
08/21/2019,39.35
08/22/2019,39.05
08/23/2019,38.34
08/26/2019,38.89
08/27/2019,38.9
08/28/2019,38.85
08/29/2019,39.13
08/30/2019,39.12
09/03/2019,39.13
09/04/2019,40.05
09/05/2019,40.53
09/06/2019,40.61
09/09/2019,40.69
09/10/2019,40.71
09/11/2019,41.33
09/12/2019,41.48
09/13/2019,41.9
09/16/2019,41.46
09/17/2019,41.26
09/18/2019,40.98
09/19/2019,40.69
09/20/2019,40.54
09/23/2019,40.53
09/24/2019,40.04
09/25/2019,40.18
09/26/2019,39.91
09/27/2019,39.45
09/30/2019,39.8
10/01/2019,39.63
10/02/2019,39.67
10/03/2019,40.31
10/04/2019,40.24
10/07/2019,39.96
10/08/2019,39.69
10/09/2019,40.25
10/10/2019,40.75
10/11/2019,41.33
10/14/2019,41.15
10/15/2019,41.54
10/16/2019,41.52
10/17/2019,41.69
10/18/2019,41.24
10/21/2019,41.72
10/22/2019,41.38
10/23/2019,41.26
10/24/2019,41.23
10/25/2019,41.49
10/28/2019,41.88
10/29/2019,41.46
10/30/2019,41.33
10/31/2019,41.15
11/01/2019,42.0
11/04/2019,42.51
11/05/2019,42.77
11/06/2019,42.69
11/07/2019,43.05
11/08/2019,42.74
11/11/2019,42.08
11/12/2019,41.71
11/13/2019,41.15
11/14/2019,41.04
11/15/2019,41.13
11/18/2019,41.26
11/19/2019,41.68
11/20/2019,41.45
11/21/2019,41.39
11/22/2019,41.32
11/25/2019,42.01
11/26/2019,42.11
11/27/2019,42.07
11/29/2019,40.94
12/02/2019,40.95
12/03/2019,40.71
12/04/2019,40.88
12/05/2019,40.9
12/06/2019,41.24
12/09/2019,41.05
12/10/2019,41.21
12/11/2019,41.98
12/12/2019,42.78
12/13/2019,42.6
12/16/2019,42.34
12/17/2019,42.88
12/18/2019,43.0
12/19/2019,42.91
12/20/2019,43.08
12/23/2019,43.04
12/24/2019,43.12
12/26/2019,43.55
12/27/2019,43.71
12/30/2019,43.49
12/31/2019,43.63
01/02/2020,44.88
01/03/2020,43.91
01/06/2020,44.12
01/07/2020,44.01
01/08/2020,43.98
01/09/2020,44.38
01/10/2020,44.52
01/13/2020,45.28
01/14/2020,44.82
01/15/2020,44.57
01/16/2020,44.9
01/17/2020,45.11
01/21/2020,42.99
01/22/2020,43.47
01/23/2020,42.91
01/24/2020,42.35
01/27/2020,40.67
01/28/2020,40.95
01/29/2020,41.2
01/30/2020,40.69
01/31/2020,39.74
02/03/2020,40.13
02/04/2020,41.21
02/05/2020,41.35
02/06/2020,41.63
02/07/2020,41.26
02/10/2020,41.5
02/11/2020,42.3
02/12/2020,42.87
02/13/2020,42.31
02/14/2020,42.27
02/17/2020,42.27
02/18/2020,42.18
02/19/2020,42.47
02/20/2020,42.02
02/21/2020,42.02
02/24/2020,40.53
02/25/2020,40.14
02/26/2020,40.72
02/27/2020,40.41
02/28/2020,40.66
03/02/2020,41.08
03/03/2020,40.82
03/04/2020,41.26
03/05/2020,41.08
03/06/2020,40.26
03/09/2020,38.64
03/10/2020,40.17
03/11/2020,38.8
03/12/2020,35.8
03/13/2020,37.8
03/14/2020,37.8
03/16/2020,33.91
03/17/2020,36.01
03/18/2020,33.97
03/19/2020,34.0
03/20/2020,34.46
03/21/2020,34.46
03/23/2020,34.44
03/24/2020,36.77
03/25/2020,37.33
03/26/2020,38.35
03/27/2020,36.1
03/28/2020,36.1
03/30/2020,37.4
03/31/2020,37.54
04/01/2020,36.01
04/02/2020,37.39
04/03/2020,36.89
04/06/2020,38.21
04/07/2020,38.09
04/08/2020,38.12
04/09/2020,37.87
04/13/2020,37.9
04/14/2020,38.5
04/15/2020,37.61
04/16/2020,37.76
04/17/2020,38.41
04/20/2020,38.09
04/21/2020,37.07
04/22/2020,37.97
04/23/2020,37.81
04/24/2020,38.19
04/27/2020,38.96
04/28/2020,39.0
04/29/2020,39.63
04/30/2020,38.59
05/01/2020,37.27
05/02/2020,37.27
05/03/2020,37.27
05/04/2020,37.62
05/05/2020,38.0
05/06/2020,38.1
05/07/2020,38.2
05/08/2020,39.07
05/09/2020,39.07
05/10/2020,39.07
05/11/2020,38.89
05/12/2020,38.55
05/13/2020,38.67
05/14/2020,38.51
05/15/2020,37.95
05/18/2020,39.46
05/19/2020,39.05
05/20/2020,39.62
05/21/2020,38.54
05/22/2020,37.5
05/26/2020,38.34
05/27/2020,38.13
05/28/2020,38.25
05/29/2020,39.05
06/01/2020,39.77
06/02/2020,40.48
06/03/2020,41.17
06/04/2020,40.57
06/05/2020,41.48
06/07/2020,41.48
06/08/2020,41.27
06/09/2020,41.07
06/10/2020,41.56
06/11/2020,39.84
06/12/2020,40.34
06/15/2020,39.65
06/16/2020,39.96
06/17/2020,40.12
06/18/2020,40.26
06/19/2020,40.32
06/22/2020,40.62
06/23/2020,40.89
06/24/2020,40.47
06/25/2020,40.57
06/26/2020,40.19
06/29/2020,40.05
06/30/2020,39.7
07/01/2020,40.16
07/02/2020,41.46
07/04/2020,41.46
07/05/2020,41.46
07/06/2020,45.4
07/07/2020,44.11
07/08/2020,45.53
07/09/2020,45.22
07/10/2020,44.55
07/11/2020,44.55
07/12/2020,44.55
07/13/2020,44.04
07/14/2020,43.7
07/15/2020,43.47
07/16/2020,42.48
07/17/2020,42.56
07/20/2020,43.11
07/21/2020,43.33
07/22/2020,42.72
07/23/2020,42.4
07/24/2020,42.05
07/25/2020,42.05
07/26/2020,42.05
07/27/2020,41.96
07/28/2020,41.59
07/29/2020,42.22
07/30/2020,41.78
07/31/2020,41.37
08/02/2020,41.37
08/03/2020,41.87
08/04/2020,42.82
08/05/2020,42.82
08/06/2020,42.85
08/07/2020,42.01
08/08/2020,42.01
08/09/2020,42.01
08/10/2020,42.31
08/11/2020,42.27
08/12/2020,42.89
08/13/2020,42.81
08/14/2020,43.04
08/17/2020,43.84
08/18/2020,44.01
08/19/2020,43.55
08/20/2020,43.75
08/21/2020,44.14
08/23/2020,44.14
08/24/2020,44.62
08/25/2020,44.8
08/26/2020,44.72
08/27/2020,44.63
08/28/2020,44.99
08/30/2020,44.99
08/31/2020,43.96
09/01/2020,44.53
09/02/2020,44.35
09/03/2020,43.44
09/04/2020,43.6
09/08/2020,42.7
09/09/2020,42.99
09/10/2020,42.14
09/11/2020,42.55
09/13/2020,42.55
09/14/2020,42.84
09/15/2020,43.22
09/16/2020,43.09
09/17/2020,42.73
09/18/2020,42.82
09/21/2020,42.42
09/22/2020,42.09
09/23/2020,41.63
09/24/2020,41.11
09/25/2020,40.7
09/26/2020,40.7
09/27/2020,40.7
09/28/2020,41.33
09/29/2020,41.17
09/30/2020,42.0
10/01/2020,42.51
10/02/2020,42.03
10/03/2020,42.03
10/04/2020,42.03
10/05/2020,42.19
10/06/2020,42.47
10/07/2020,42.92
10/08/2020,43.13
10/09/2020,43.24
10/12/2020,44.4
10/13/2020,44.34
10/14/2020,43.78
10/15/2020,43.45
10/16/2020,44.11
10/19/2020,44.09
10/20/2020,44.28
10/21/2020,44.68
10/22/2020,45.02
10/23/2020,45.13
10/26/2020,44.7
10/27/2020,44.79
10/28/2020,43.89
10/29/2020,44.55
10/30/2020,44.1
11/02/2020,44.98
11/03/2020,45.08
11/04/2020,46.96
11/05/2020,47.7
11/06/2020,47.73
11/09/2020,48.23
11/10/2020,47.12
11/11/2020,47.6
11/12/2020,47.1
11/13/2020,47.47
11/16/2020,47.68
11/17/2020,47.36
11/18/2020,47.15
11/19/2020,47.12
11/20/2020,47.44
11/23/2020,47.25
11/24/2020,47.51
11/25/2020,47.23
11/27/2020,48.62
11/30/2020,47.0
12/01/2020,47.48
12/02/2020,47.15
12/03/2020,47.13
12/04/2020,47.19
12/07/2020,46.73
12/08/2020,46.58
12/09/2020,46.0
12/10/2020,46.57
12/11/2020,46.15
12/14/2020,45.42
12/15/2020,45.49
12/16/2020,45.54
12/17/2020,45.83
12/18/2020,45.75
12/21/2020,45.38
12/22/2020,45.23
12/23/2020,45.61
12/24/2020,44.85
12/28/2020,44.92
12/29/2020,45.5
12/30/2020,46.25
12/31/2020,46.43
01/04/2021,46.3
01/05/2021,47.56
01/06/2021,47.01
01/07/2021,47.34
01/08/2021,48.32
01/11/2021,47.67
01/12/2021,48.29
01/13/2021,48.43
01/14/2021,48.65
01/15/2021,48.62
01/19/2021,50.71
01/20/2021,52.27
01/21/2021,51.97
01/22/2021,51.71
01/25/2021,52.9
01/26/2021,52.35
01/27/2021,50.43
01/28/2021,50.53
01/29/2021,49.36
02/01/2021,50.71
02/02/2021,51.43
02/03/2021,51.55
02/04/2021,51.3
02/05/2021,51.69
02/08/2021,51.52
02/09/2021,52.2
02/10/2021,52.71
02/11/2021,53.63
02/12/2021,53.58
02/16/2021,53.61
02/17/2021,54.47
02/18/2021,53.3
02/19/2021,53.61
02/22/2021,51.64
02/23/2021,51.81
02/24/2021,50.69
02/25/2021,49.92
02/26/2021,49.07
03/01/2021,50.37
03/02/2021,49.4
03/03/2021,49.78
03/04/2021,48.35
03/05/2021,48.85
03/08/2021,47.13
03/09/2021,48.15
03/10/2021,47.77
03/11/2021,49.49
03/12/2021,48.1
03/15/2021,48.01
03/16/2021,48.44
03/17/2021,48.41
03/18/2021,47.98
03/19/2021,47.99
03/22/2021,47.92
03/23/2021,46.84
03/24/2021,45.11
03/25/2021,45.34
03/26/2021,46.67
03/29/2021,46.42
03/30/2021,46.61
03/31/2021,46.66
04/01/2021,47.45
04/05/2021,47.49
04/06/2021,47.58
04/07/2021,46.5
04/08/2021,47.11
04/09/2021,46.53
04/12/2021,46.47
04/13/2021,46.44
04/14/2021,46.59
04/15/2021,46.65
04/16/2021,46.91
04/19/2021,46.9
04/20/2021,46.77
04/21/2021,46.83
04/22/2021,46.97
04/23/2021,47.59
04/26/2021,46.87
04/27/2021,47.06
04/28/2021,47.28
04/29/2021,47.24
04/30/2021,46.28
05/03/2021,46.03
05/04/2021,45.57
05/05/2021,45.8
05/06/2021,45.93
05/07/2021,46.05
05/10/2021,44.74
05/11/2021,44.73
05/12/2021,44.18
05/13/2021,43.55
05/14/2021,44.21
05/17/2021,44.64
05/18/2021,45.0
05/19/2021,45.13
05/20/2021,45.58
05/21/2021,45.14
05/24/2021,45.08
05/25/2021,46.15
05/26/2021,46.43
05/27/2021,46.4
05/28/2021,46.24
06/01/2021,47.45
06/02/2021,47.26
06/03/2021,46.32
06/04/2021,46.8
06/07/2021,46.3
06/08/2021,46.08
06/09/2021,46.08
06/10/2021,46.18
06/11/2021,46.07
06/14/2021,46.21
06/15/2021,45.58
06/16/2021,44.88
06/17/2021,45.51
06/18/2021,45.56
06/21/2021,45.55
06/22/2021,45.18
06/23/2021,45.75
06/24/2021,46.23
06/25/2021,47.11
06/28/2021,47.22
06/29/2021,46.87
06/30/2021,46.33
07/01/2021,46.09
07/02/2021,45.49
07/03/2021,45.49
07/04/2021,45.49
07/05/2021,45.49
07/06/2021,44.22
07/07/2021,44.3
07/08/2021,42.92
07/09/2021,44.15
07/12/2021,44.0
07/13/2021,44.5
07/14/2021,44.31
07/15/2021,44.74
07/16/2021,44.4
07/19/2021,43.81
07/20/2021,43.59
07/21/2021,43.72
07/22/2021,43.9
07/23/2021,42.78
07/26/2021,40.49
07/27/2021,39.16
07/28/2021,41.52
07/29/2021,40.94
07/30/2021,40.54
08/02/2021,41.12
08/03/2021,40.81
08/04/2021,41.36
08/05/2021,40.9
08/06/2021,40.42
08/07/2021,40.42
08/08/2021,40.42
08/09/2021,41.17
08/10/2021,41.62
08/11/2021,41.97
08/12/2021,41.33
08/13/2021,41.35
08/16/2021,40.66
08/17/2021,39.52
08/18/2021,39.84
08/19/2021,39.04
08/20/2021,38.67
08/23/2021,39.42
08/24/2021,40.8
08/25/2021,40.46
08/26/2021,39.82
08/27/2021,40.14
08/30/2021,40.2
08/31/2021,40.94
09/01/2021,41.85
09/02/2021,41.4
09/03/2021,41.47
09/07/2021,42.45
09/08/2021,41.99
09/09/2021,41.6
09/10/2021,41.57
09/13/2021,41.48
09/14/2021,40.54
09/15/2021,40.26
09/16/2021,39.67
09/17/2021,39.92
09/20/2021,38.18
09/21/2021,38.65
09/22/2021,39.39
09/23/2021,39.06
09/24/2021,38.24
09/27/2021,38.79
09/28/2021,38.84
09/29/2021,38.56
09/30/2021,38.93
10/01/2021,38.62
10/04/2021,37.66
10/05/2021,38.19
10/06/2021,38.02
10/07/2021,39.57
10/08/2021,39.95
10/11/2021,39.92
10/12/2021,39.7
10/13/2021,40.5
10/14/2021,40.31
10/15/2021,40.7
10/18/2021,40.94
10/19/2021,42.11
10/20/2021,42.19
10/21/2021,42.15
10/22/2021,42.2
10/25/2021,42.33
10/26/2021,41.48
10/27/2021,41.01
10/28/2021,41.1
10/29/2021,40.33
11/01/2021,41.06
11/02/2021,39.94
11/03/2021,40.28
11/04/2021,40.04
11/05/2021,39.34
11/08/2021,39.78
11/09/2021,39.46
11/10/2021,39.82
11/11/2021,41.4
11/12/2021,41.42
11/15/2021,41.11
11/16/2021,41.63
11/17/2021,41.16
11/18/2021,40.27
11/19/2021,40.51
11/22/2021,39.99
11/23/2021,39.78
11/24/2021,39.89
11/26/2021,38.77
11/29/2021,38.4
11/30/2021,38.19
12/01/2021,38.1
12/02/2021,38.36
12/03/2021,37.47
12/06/2021,38.18
12/07/2021,38.69
12/08/2021,38.86
12/09/2021,38.87
12/10/2021,38.86
12/13/2021,37.77
12/14/2021,37.68
12/15/2021,36.59
12/16/2021,36.78
12/17/2021,36.34
12/20/2021,35.57
12/21/2021,36.62
12/22/2021,36.54
12/23/2021,36.63
12/27/2021,36.53
12/28/2021,36.11
12/29/2021,35.69
12/30/2021,36.99
12/31/2021,36.58
01/03/2022,36.55
01/04/2022,35.89
01/05/2022,35.24
01/06/2022,35.86
01/07/2022,36.63
01/10/2022,36.65
01/11/2022,37.82
01/12/2022,38.66
01/13/2022,37.74
01/14/2022,38.12
01/18/2022,37.7
01/19/2022,37.86
01/20/2022,39.03
01/21/2022,38.26
01/24/2022,37.65
01/25/2022,37.69
01/26/2022,36.97
01/27/2022,36.31
01/28/2022,36.2
01/31/2022,37.94
02/01/2022,38.19
02/02/2022,37.86
02/03/2022,37.63
02/04/2022,37.98
02/07/2022,37.75
02/08/2022,38.12
02/09/2022,38.77
02/10/2022,38.3
02/11/2022,37.65
02/14/2022,37.29
02/15/2022,37.86
02/16/2022,38.1
02/17/2022,37.79
02/18/2022,36.71
02/22/2022,35.73
02/23/2022,35.31
02/24/2022,35.05
02/25/2022,35.22
02/28/2022,34.9
03/01/2022,34.83
03/02/2022,34.57
03/03/2022,33.69
03/04/2022,32.97
03/07/2022,31.72
03/08/2022,31.27
03/09/2022,31.79
03/10/2022,30.35
03/11/2022,29.07
03/14/2022,27.12
03/15/2022,27.07
03/16/2022,32.82
03/17/2022,31.61
03/18/2022,33.17
03/21/2022,31.78
03/22/2022,33.18
03/23/2022,32.97
03/24/2022,32.61
03/25/2022,32.12
03/28/2022,32.62
03/29/2022,33.32
03/30/2022,33.14
03/31/2022,31.97
04/01/2022,33.2
04/04/2022,34.33
04/05/2022,33.39
04/06/2022,32.74
04/07/2022,32.25
04/08/2022,32.28
04/11/2022,31.51
04/12/2022,31.39
04/13/2022,32.0
04/14/2022,31.64
04/18/2022,31.35
04/19/2022,31.04
04/20/2022,30.13
04/21/2022,29.24
04/22/2022,29.51
04/25/2022,29.18
04/26/2022,28.56
04/27/2022,29.47
04/28/2022,29.7
04/29/2022,30.94
05/02/2022,31.07
05/03/2022,31.52
05/04/2022,31.66
05/05/2022,30.0
05/06/2022,29.07
05/09/2022,28.01
05/10/2022,28.33
05/11/2022,28.34
05/12/2022,28.34
05/13/2022,29.61
05/16/2022,29.57
05/17/2022,30.47
05/18/2022,29.62
05/19/2022,30.3
05/20/2022,30.42
05/23/2022,30.35
05/24/2022,29.19
05/25/2022,29.56
05/26/2022,30.72
05/27/2022,30.94
05/31/2022,31.86
06/01/2022,31.53
06/02/2022,32.44
06/03/2022,31.87
06/06/2022,32.75
06/07/2022,33.25
06/08/2022,34.16
06/09/2022,32.72
06/10/2022,32.74
06/13/2022,31.31
06/14/2022,32.28
06/15/2022,32.92
06/16/2022,31.65
06/17/2022,32.23
06/21/2022,33.03
06/22/2022,32.44
06/23/2022,32.94
06/24/2022,33.84
06/27/2022,34.12
06/28/2022,34.13
06/29/2022,33.94
06/30/2022,33.91
07/01/2022,33.94
07/05/2022,33.78
07/06/2022,33.35
07/07/2022,34.07
07/08/2022,33.62
07/11/2022,32.17
07/12/2022,31.98
07/13/2022,31.74
07/14/2022,31.29
07/15/2022,31.03
07/18/2022,31.63
07/19/2022,31.95
07/20/2022,31.75
07/21/2022,32.01
07/22/2022,31.3
07/25/2022,31.56
07/26/2022,31.45
07/27/2022,31.81
07/28/2022,31.4
07/29/2022,30.38
08/01/2022,29.97
08/02/2022,29.76
08/03/2022,30.01
08/04/2022,30.48
08/05/2022,30.14
08/08/2022,29.87
08/09/2022,29.68
08/10/2022,29.53
08/11/2022,30.07
08/12/2022,30.24
08/15/2022,30.08
08/16/2022,29.73
08/17/2022,29.67
08/18/2022,29.35
08/19/2022,29.18
08/22/2022,29.4
08/23/2022,29.35
08/24/2022,29.48
08/25/2022,30.96
08/26/2022,30.7
08/29/2022,30.42
08/30/2022,29.6
08/31/2022,30.21
09/01/2022,29.87
09/02/2022,29.26
09/06/2022,28.68
09/07/2022,29.03
09/08/2022,28.66
09/09/2022,29.37
09/12/2022,29.75
09/13/2022,28.5
09/14/2022,28.53
09/15/2022,28.42
09/16/2022,27.99
09/19/2022,28.09
09/20/2022,27.87
09/21/2022,27.13
09/22/2022,26.97
09/23/2022,26.61
09/26/2022,26.77
09/27/2022,26.53
09/28/2022,26.82
09/29/2022,25.95
09/30/2022,25.86
10/03/2022,25.97
10/04/2022,27.02
10/05/2022,27.22
10/06/2022,27.01
10/07/2022,26.37
10/10/2022,25.57
10/11/2022,24.87
10/12/2022,24.71
10/13/2022,24.5
10/14/2022,24.16
10/17/2022,24.9
10/18/2022,24.7
10/19/2022,23.66
10/20/2022,23.77
10/21/2022,23.92
10/24/2022,21.53
10/25/2022,21.94
10/26/2022,22.76
10/27/2022,22.16
10/28/2022,21.54
10/31/2022,20.95
11/01/2022,21.84
11/02/2022,21.94
11/03/2022,22.16
11/04/2022,23.84
11/07/2022,23.96
11/08/2022,23.94
11/09/2022,22.96
11/10/2022,24.36
11/11/2022,25.45
11/14/2022,25.59
11/15/2022,26.91
11/16/2022,26.31
11/17/2022,26.93
11/18/2022,26.09
11/21/2022,25.69
11/22/2022,25.44
11/23/2022,25.77
11/25/2022,25.33
11/28/2022,25.55
11/29/2022,26.85
11/30/2022,28.16
12/01/2022,27.74
12/02/2022,28.53
12/05/2022,28.44
12/06/2022,28.8
12/07/2022,28.18
12/08/2022,29.1
12/09/2022,28.95
12/12/2022,28.61
12/13/2022,28.36
12/14/2022,28.54
12/15/2022,27.86
12/16/2022,27.94
12/19/2022,27.78
12/20/2022,27.36
12/21/2022,28.13
12/22/2022,27.96
12/23/2022,27.8
12/27/2022,29.12
12/28/2022,28.16
12/29/2022,29.01
12/30/2022,28.3
01/03/2023,29.32
01/04/2023,31.19
01/05/2023,31.12
01/06/2023,31.2
01/09/2023,31.2
01/10/2023,31.59
01/11/2023,31.91
01/12/2023,31.64
01/13/2023,32.09
01/17/2023,31.39
01/18/2023,31.08
01/19/2023,31.7
01/20/2023,32.49
01/23/2023,32.85
01/24/2023,32.79
01/25/2023,32.86
01/26/2023,33.29
01/27/2023,33.23
01/30/2023,32.0
01/31/2023,31.8
02/01/2023,32.51
02/02/2023,31.87
02/03/2023,31.09
02/06/2023,30.62
02/07/2023,30.88
02/08/2023,30.45
02/09/2023,31.02
02/10/2023,30.14
02/13/2023,30.64
02/14/2023,30.36
02/15/2023,30.12
02/16/2023,30.14
02/17/2023,29.53
02/21/2023,29.19
02/22/2023,28.94
02/23/2023,28.78
02/24/2023,27.91
02/27/2023,28.28
02/28/2023,27.96
03/01/2023,29.12
03/02/2023,29.65
03/03/2023,29.61
03/06/2023,29.28
03/07/2023,28.75
03/08/2023,28.44
03/09/2023,27.39
03/10/2023,27.37
03/13/2023,27.54
03/14/2023,27.72
03/15/2023,27.33
03/16/2023,27.68
03/17/2023,27.61
03/20/2023,27.59
03/21/2023,27.98
03/22/2023,28.07
03/23/2023,28.95
03/24/2023,28.83
03/27/2023,28.24
03/28/2023,29.4
03/29/2023,29.41
03/30/2023,29.91
03/31/2023,29.53
04/03/2023,29.4
04/04/2023,29.27
04/05/2023,28.93
04/06/2023,29.29
04/10/2023,29.19
04/11/2023,29.21
04/12/2023,28.41
04/13/2023,29.07
04/14/2023,28.71
04/17/2023,29.49
04/18/2023,29.37
04/19/2023,29.01
04/20/2023,28.82
04/21/2023,28.4
04/24/2023,28.11
04/25/2023,27.35
04/26/2023,27.8
04/27/2023,28.19
04/28/2023,28.33
05/01/2023,28.22
05/02/2023,27.69
05/03/2023,27.56
05/04/2023,28.3
05/05/2023,28.67
05/08/2023,28.89
05/09/2023,28.44
05/10/2023,28.24
05/11/2023,28.54
05/12/2023,27.79
05/15/2023,29.04
05/16/2023,28.74
05/17/2023,28.44
05/18/2023,28.05
05/19/2023,27.9
05/22/2023,28.35
05/23/2023,27.49
05/24/2023,26.94
05/25/2023,26.39
05/26/2023,26.83
05/30/2023,26.04
05/31/2023,25.97
06/01/2023,26.63
06/02/2023,27.43
06/05/2023,27.39
06/06/2023,27.99
06/07/2023,27.5
06/08/2023,27.79
06/09/2023,27.82
06/12/2023,27.75
06/13/2023,28.07
06/14/2023,28.45
06/15/2023,29.08
06/16/2023,28.91
06/20/2023,27.67
06/21/2023,27.5
06/22/2023,27.44
06/23/2023,26.87
06/26/2023,27.01
06/27/2023,27.6
06/28/2023,27.37
06/29/2023,26.94
06/30/2023,27.19
07/03/2023,27.71
07/05/2023,27.39
07/06/2023,26.6
07/07/2023,27.18
07/10/2023,27.16
07/11/2023,27.34
07/12/2023,28.16
07/13/2023,28.8
07/14/2023,28.29
07/17/2023,28.15
07/18/2023,27.52
07/19/2023,27.7
07/20/2023,27.6
07/21/2023,27.62
07/24/2023,28.21
07/25/2023,28.56
07/26/2023,28.97
07/27/2023,28.5
07/28/2023,30.08
07/31/2023,30.42
08/01/2023,29.68
08/02/2023,28.77
08/03/2023,29.55
08/04/2023,29.13
08/07/2023,29.02
08/08/2023,28.48
08/09/2023,28.6
08/10/2023,28.83
08/11/2023,27.92
08/14/2023,27.66
08/15/2023,27.21
08/16/2023,26.65
08/17/2023,26.85
08/18/2023,26.19
08/21/2023,26.15
08/22/2023,26.14
08/23/2023,26.7
08/24/2023,26.82
08/25/2023,26.77
08/28/2023,27.41
08/29/2023,27.95
08/30/2023,27.76
08/31/2023,27.4
09/01/2023,28.04
09/05/2023,27.63
09/06/2023,27.71
09/07/2023,26.92
09/08/2023,26.88
09/11/2023,27.24
09/12/2023,27.3
09/13/2023,27.07
09/14/2023,27.3
09/15/2023,27.18
09/18/2023,27.05
09/19/2023,26.98
09/20/2023,26.79
09/21/2023,26.21
09/22/2023,27.14
09/25/2023,26.72
09/26/2023,26.35
09/27/2023,26.41
09/28/2023,26.26
09/29/2023,26.53
10/02/2023,26.37
10/03/2023,25.75
10/04/2023,25.53
10/05/2023,25.69
10/06/2023,26.23
10/09/2023,26.22
10/10/2023,26.89
10/11/2023,27.15
10/12/2023,26.68
10/13/2023,26.48
10/16/2023,26.65
10/17/2023,26.45
10/18/2023,26.01
10/19/2023,25.56
10/20/2023,25.03
10/23/2023,25.25
10/24/2023,26.06
10/25/2023,25.53
10/26/2023,25.58
10/27/2023,25.67
10/30/2023,25.94
10/31/2023,25.52
11/01/2023,25.48
11/02/2023,25.75
11/03/2023,26.35
11/06/2023,26.43
11/07/2023,26.31
11/08/2023,26.12
11/09/2023,25.76
11/10/2023,25.68
11/13/2023,26.02
11/14/2023,26.58
11/15/2023,27.21
11/16/2023,26.1
11/17/2023,26.12
11/20/2023,26.69
11/21/2023,26.16
11/22/2023,26.29
11/24/2023,26.36
11/27/2023,26.02
11/28/2023,25.71
11/29/2023,25.06
11/30/2023,25.16
12/01/2023,24.89
12/04/2023,24.31
12/05/2023,23.94
12/06/2023,23.95
12/07/2023,24.03
12/08/2023,23.7
12/11/2023,23.79
12/12/2023,23.95
12/13/2023,23.87
12/14/2023,24.18
12/15/2023,24.13
12/18/2023,23.88
12/19/2023,24.2
12/20/2023,22.91
12/21/2023,23.71
12/22/2023,23.05
12/26/2023,23.22
12/27/2023,23.25
12/28/2023,23.88
12/29/2023,24.03
01/02/2024,23.24
01/03/2024,23.67
01/04/2024,23.36
01/05/2024,23.23
01/08/2024,22.94
01/09/2024,22.48
01/10/2024,22.49
01/11/2024,22.83
01/12/2024,22.73
01/16/2024,22.02
01/17/2024,21.45
01/18/2024,21.53
01/19/2024,21.68
01/22/2024,21.14
01/23/2024,22.11
01/24/2024,22.77
01/25/2024,22.75
01/26/2024,22.6
01/29/2024,22.29
01/30/2024,21.93
01/31/2024,21.76
02/01/2024,21.86
02/02/2024,21.41
02/05/2024,21.88
02/06/2024,23.13
02/07/2024,22.62
02/08/2024,22.1
02/09/2024,22.36
02/12/2024,22.72
02/13/2024,22.2
02/14/2024,22.67
02/15/2024,22.76
02/16/2024,23.07
02/20/2024,22.92
02/21/2024,23.59
02/22/2024,23.95
02/23/2024,24.12
02/26/2024,23.91
02/27/2024,24.32
02/28/2024,23.46
02/29/2024,23.42
03/01/2024,23.92
03/04/2024,23.39
03/05/2024,23.03
03/06/2024,23.53
03/07/2024,23.33
03/08/2024,23.47
03/11/2024,24.04
03/12/2024,24.56
03/13/2024,24.64
03/14/2024,24.14
03/15/2024,23.99
03/18/2024,24.03
03/19/2024,23.91
03/20/2024,24.13
03/21/2024,24.02
03/22/2024,23.68
03/25/2024,23.71
03/26/2024,23.84
03/27/2024,23.81
03/28/2024,24.07
04/01/2024,24.4
04/02/2024,24.6
04/03/2024,24.45
04/04/2024,24.32
04/05/2024,24.19
04/08/2024,24.36
04/09/2024,24.59
04/10/2024,24.47
04/11/2024,24.7
04/12/2024,23.84
04/15/2024,23.92
04/16/2024,23.67
04/17/2024,23.65
04/18/2024,24.08
04/19/2024,24.01
04/22/2024,24.42
04/23/2024,24.8
04/24/2024,25.27
04/25/2024,25.44
04/26/2024,25.87
04/29/2024,26.11
04/30/2024,25.49
05/01/2024,25.68
05/02/2024,27.15
05/03/2024,27.33
05/06/2024,27.31
05/07/2024,26.92
05/08/2024,26.82
05/09/2024,27.4
05/10/2024,27.77
05/13/2024,28.36
05/14/2024,28.01
05/15/2024,28.33
05/16/2024,29.16
05/17/2024,29.33
05/20/2024,29.01
05/21/2024,28.56
05/22/2024,28.2
05/23/2024,27.63
05/24/2024,27.58
05/28/2024,27.56
05/29/2024,27.12
05/30/2024,27.15
05/31/2024,26.63
06/03/2024,26.76
06/04/2024,26.97
06/05/2024,27.2
06/06/2024,27.19
06/07/2024,26.5
06/10/2024,26.75
06/11/2024,26.47
06/12/2024,26.41
06/13/2024,26.39
06/14/2024,26.17
06/17/2024,26.5
06/18/2024,26.56
06/20/2024,26.88
06/21/2024,26.42
06/24/2024,26.72
06/25/2024,26.51
06/26/2024,26.52
06/27/2024,25.89
06/28/2024,25.99
07/01/2024,26.08
07/02/2024,26.43
07/03/2024,26.9
07/05/2024,26.44
07/08/2024,26.23
07/09/2024,26.5
07/10/2024,26.38
07/11/2024,26.94
07/12/2024,27.22
07/15/2024,26.61
07/16/2024,26.61
07/17/2024,26.25
07/18/2024,26.01
07/19/2024,25.82
07/22/2024,26.36
07/23/2024,25.99
07/24/2024,25.7
07/25/2024,25.39
07/26/2024,25.52
07/29/2024,25.56
07/30/2024,25.33
07/31/2024,25.68
08/01/2024,25.32
08/02/2024,25.2
08/05/2024,25.03
08/06/2024,24.78
08/07/2024,24.89
08/08/2024,25.49
08/09/2024,25.45
08/12/2024,25.65
08/13/2024,25.8
08/14/2024,25.32
08/15/2024,25.84
08/16/2024,26.36
08/19/2024,26.6
08/20/2024,26.0
08/21/2024,26.27
08/22/2024,26.07
08/23/2024,26.48
08/26/2024,26.27
08/27/2024,26.56
08/28/2024,26.14
08/29/2024,26.33
08/30/2024,26.46
09/03/2024,26.0
09/04/2024,25.98
09/05/2024,25.85
09/06/2024,25.5
09/09/2024,25.52
09/10/2024,25.46
09/11/2024,25.72
09/12/2024,25.71
09/13/2024,25.86
09/16/2024,26.01
09/17/2024,26.34
09/18/2024,26.19
09/19/2024,27.13
09/20/2024,27.15
09/23/2024,27.68
09/24/2024,30.4
09/25/2024,29.56
09/26/2024,31.92
09/27/2024,32.17
09/30/2024,31.78
10/01/2024,33.1
10/02/2024,35.48
10/03/2024,34.5
10/04/2024,35.71
10/07/2024,36.69
10/08/2024,33.33
10/09/2024,32.79
10/10/2024,33.22
10/11/2024,33.37
10/14/2024,32.74
10/15/2024,31.1
10/16/2024,31.65
10/17/2024,30.85
10/18/2024,32.17
10/21/2024,31.74
10/22/2024,31.99
10/23/2024,31.92
10/24/2024,31.73
10/25/2024,31.72
10/28/2024,32.27
10/29/2024,32.04
10/30/2024,31.63
10/31/2024,31.56
11/01/2024,31.68
11/04/2024,31.87
11/05/2024,32.64
11/06/2024,31.68
11/07/2024,33.42
11/08/2024,31.47
11/11/2024,31.47
11/12/2024,30.31
11/13/2024,30.27
11/14/2024,29.95
11/15/2024,30.15
11/18/2024,30.72
11/19/2024,30.39
11/20/2024,30.53
11/21/2024,30.35
11/22/2024,29.69
11/25/2024,29.7
11/26/2024,29.52
11/27/2024,30.31
11/29/2024,30.31
12/02/2024,30.37
12/03/2024,30.5
12/04/2024,30.28
12/05/2024,30.37
12/06/2024,30.77
12/09/2024,33.3
12/10/2024,31.78
12/11/2024,31.48
12/12/2024,31.5
12/13/2024,31.1
12/16/2024,30.59
12/17/2024,30.67
12/18/2024,30.05
12/19/2024,30.24
12/20/2024,30.42
12/23/2024,30.7
12/24/2024,31.09
12/26/2024,31.12
12/27/2024,30.85
12/30/2024,30.49
12/31/2024,30.44
01/02/2025,29.89
01/03/2025,30.39
01/06/2025,29.99
01/07/2025,29.62
01/08/2025,29.51
01/10/2025,28.65
01/13/2025,28.79
01/14/2025,29.42
01/15/2025,29.82
01/16/2025,29.83
01/17/2025,30.41
01/21/2025,30.75
01/22/2025,30.53
01/23/2025,30.56
01/24/2025,31.32
01/27/2025,31.6
01/28/2025,31.96
01/29/2025,31.83
01/30/2025,32.59
01/31/2025,31.89
02/03/2025,31.72
02/04/2025,32.47
02/05/2025,31.93
02/06/2025,32.28
02/07/2025,32.73
02/10/2025,33.62
02/11/2025,33.34
02/12/2025,34.17
02/13/2025,34.16
02/14/2025,35.04
02/18/2025,35.3
02/19/2025,35.05
02/20/2025,35.73
02/21/2025,36.24
02/24/2025,35.03
02/25/2025,35.38
02/26/2025,36.44
02/27/2025,36.05
02/28/2025,35.23
03/03/2025,34.51
03/04/2025,35.04
03/05/2025,36.79
03/06/2025,36.97
03/07/2025,36.96
03/10/2025,35.97
03/11/2025,36.39
03/12/2025,36.35
03/13/2025,36.59
03/14/2025,37.66
03/17/2025,38.55
03/18/2025,38.49
03/19/2025,38.33
03/20/2025,37.23
03/21/2025,36.56
03/24/2025,36.67
03/25/2025,36.3
03/26/2025,36.27
03/27/2025,36.68
03/28/2025,35.84
03/31/2025,35.84
04/01/2025,35.76
04/02/2025,35.54
04/03/2025,35.22
04/04/2025,32.74
04/07/2025,30.0
04/08/2025,29.59
04/09/2025,31.68
04/10/2025,31.56
04/11/2025,32.94
04/14/2025,33.37
04/15/2025,33.18
04/16/2025,32.42
04/17/2025,32.4
04/21/2025,32.43
04/22/2025,33.46
04/23/2025,33.83
04/24/2025,34.11
04/25/2025,33.98
04/28/2025,34.0
04/29/2025,33.8
04/30/2025,33.86
05/01/2025,33.79
05/02/2025,34.91
05/05/2025,34.87
05/06/2025,35.27
05/07/2025,34.47
05/08/2025,35.0
05/09/2025,34.83
05/12/2025,36.04
05/13/2025,35.74
05/14/2025,36.31
05/15/2025,35.75
05/16/2025,35.64
05/19/2025,35.86
05/20/2025,36.26
05/21/2025,36.09
05/22/2025,35.91
05/23/2025,35.97
05/27/2025,35.6
05/28/2025,35.24
05/29/2025,35.62
05/30/2025,35.0
06/02/2025,35.35
06/03/2025,35.7
06/04/2025,36.37
06/05/2025,36.63
06/06/2025,36.59
06/09/2025,37.06
06/10/2025,37.22
06/11/2025,37.41
06/12/2025,37.26
06/13/2025,36.58
06/16/2025,36.67
06/17/2025,36.24
06/18/2025,35.75
06/20/2025,35.52
06/23/2025,36.08
06/24/2025,37.1
06/25/2025,37.06
06/26/2025,37.16
06/27/2025,36.81
06/30/2025,36.76
07/01/2025,36.83
07/02/2025,36.69
07/03/2025,36.27
07/07/2025,36.31
07/08/2025,36.69
07/09/2025,36.18
07/10/2025,36.52
07/11/2025,36.48
07/14/2025,36.91
07/15/2025,37.64
07/16/2025,37.47
07/17/2025,37.59
07/18/2025,38.06
07/21/2025,38.21
07/22/2025,38.74
07/23/2025,39.08
07/24/2025,38.9
07/25/2025,38.65
07/28/2025,38.48
07/29/2025,38.22
07/30/2025,37.78
07/31/2025,37.44
08/01/2025,36.83
08/04/2025,37.47
08/05/2025,37.64
08/06/2025,37.79
08/07/2025,37.74
08/08/2025,37.67
08/11/2025,37.33
08/12/2025,37.94
08/13/2025,39.09
08/14/2025,38.34
08/15/2025,38.34
08/18/2025,38.58
08/19/2025,38.22
08/20/2025,38.43
08/21/2025,38.37
08/22/2025,39.24
08/25/2025,39.14
08/26/2025,39.22
08/27/2025,38.22
08/28/2025,38.56
08/29/2025,38.91
09/02/2025,39.26
09/03/2025,38.91
09/04/2025,38.33
09/05/2025,38.9
09/08/2025,39.44
09/09/2025,39.97
09/10/2025,39.72
09/11/2025,40.74
09/12/2025,40.49
09/15/2025,40.78
09/16/2025,41.05
09/17/2025,41.62
09/18/2025,41.08
09/19/2025,40.93
09/22/2025,40.65
09/23/2025,40.1
09/24/2025,40.57
09/25/2025,40.67
09/26/2025,40.33
09/29/2025,40.98
09/30/2025,41.14
10/01/2025,41.38
10/02/2025,41.75
10/03/2025,41.42
10/06/2025,41.4
10/07/2025,40.93
10/08/2025,41.05
10/09/2025,40.51
10/10/2025,38.33
10/13/2025,39.53
10/14/2025,39.4
10/15/2025,39.8
10/16/2025,39.99
10/17/2025,40.0
10/20/2025,40.49
10/21/2025,39.94
10/22/2025,39.74
10/23/2025,40.41
10/24/2025,40.55
10/27/2025,41.08
10/28/2025,40.86
10/29/2025,40.97
10/30/2025,40.15
10/31/2025,39.71
11/03/2025,39.83
11/04/2025,39.37
11/05/2025,39.77
11/06/2025,40.14
11/07/2025,39.94
11/10/2025,40.76
11/11/2025,40.76
11/12/2025,40.91
11/13/2025,40.65
11/14/2025,40.12
11/17/2025,39.67
11/18/2025,39.51
11/19/2025,39.11
11/20/2025,38.58
11/21/2025,38.72
11/24/2025,39.35
11/25/2025,39.6
11/26/2025,39.37
11/28/2025,39.53
12/01/2025,39.64
12/02/2025,39.49
12/03/2025,39.21
12/04/2025,39.31
12/05/2025,39.89
12/08/2025,39.47
12/09/2025,38.82
12/10/2025,39.09
12/11/2025,39.19
12/12/2025,39.08
12/15/2025,38.74
12/16/2025,37.96
12/17/2025,37.85
12/18/2025,38.21
12/19/2025,38.6
12/22/2025,38.63
12/23/2025,38.53
12/24/2025,38.55
12/26/2025,38.93
12/29/2025,38.47
12/30/2025,38.67
12/31/2025,38.29
01/02/2026,39.82
01/05/2026,39.93
01/06/2026,39.91
01/07/2026,39.28
01/08/2026,39.4
01/09/2026,39.35
01/12/2026,40.64
01/13/2026,40.25
01/14/2026,40.04
01/15/2026,40.0
01/16/2026,39.3
01/20/2026,38.87
01/21/2026,39.34
01/22/2026,39.48
01/23/2026,39.44
01/26/2026,39.45
01/27/2026,39.94
01/28/2026,40.5
01/29/2026,40.78
01/30/2026,39.61
02/02/2026,39.17
02/03/2026,38.72
02/04/2026,38.27
02/05/2026,38.2
02/06/2026,39.22
02/09/2026,39.4
02/10/2026,39.53
02/11/2026,39.47
02/12/2026,38.66
02/13/2026,38.33
02/17/2026,38.52
02/18/2026,38.72
02/19/2026,38.61
02/20/2026,38.81
02/23/2026,38.68
02/24/2026,38.37
02/25/2026,38.42
02/26/2026,37.39
02/27/2026,37.28
03/02/2026,36.9
03/03/2026,36.06
03/04/2026,36.21
03/05/2026,35.58
03/06/2026,35.82
03/09/2026,36.48
03/10/2026,36.59
03/11/2026,36.4
03/12/2026,36.16
03/13/2026,36.24
03/16/2026,36.88
03/17/2026,36.89
03/18/2026,36.2
03/19/2026,36.19
03/20/2026,35.16
03/23/2026,35.38
03/24/2026,35.34
03/25/2026,36.0
03/26/2026,34.93
03/27/2026,34.85
03/30/2026,35.0
03/31/2026,35.9
04/01/2026,35.56
04/02/2026,35.56
04/06/2026,35.55
04/07/2026,35.48
04/08/2026,36.35
04/09/2026,36.29
04/10/2026,36.25
04/13/2026,36.46
04/14/2026,36.89
04/15/2026,36.88
04/16/2026,37.23
04/17/2026,37.6
04/20/2026,37.66
04/21/2026,37.11
04/22/2026,36.97
04/23/2026,36.49
04/24/2026,36.86
04/27/2026,36.45
04/28/2026,36.25
04/29/2026,36.34
04/30/2026,36.79
05/01/2026,36.81
05/04/2026,36.55
05/05/2026,36.49
05/06/2026,37.49
05/07/2026,37.19
05/08/2026,37.24
05/11/2026,37.47
05/12/2026,37.33
05/13/2026,38.26
05/14/2026,37.24
05/15/2026,36.2
05/18/2026,36.16
05/19/2026,36.28
05/20/2026,36.24
05/21/2026,35.89
05/22/2026,35.52
05/26/2026,35.75
05/27/2026,35.32
05/28/2026,34.99
05/29/2026,35.05
06/01/2026,35.34
06/02/2026,36.36
06/03/2026,35.54
06/04/2026,35.47
06/05/2026,34.75
06/08/2026,34.68
06/09/2026,34.69
06/10/2026,34.75
06/11/2026,34.91
06/12/2026,35.29
06/15/2026,35.11
06/16/2026,34.56
06/17/2026,33.65
06/18/2026,33.3
